"NaN","NaN","NaN","1487445900378"
"NaN","NaN","NaN","1487445900390"
"NaN","NaN","NaN","1487445900400"
"NaN","NaN","NaN","1487445900410"
"NaN","NaN","NaN","1487445900420"
"NaN","NaN","NaN","1487445900431"
"NaN","NaN","NaN","1487445900441"
"NaN","NaN","NaN","1487445900451"
"NaN","NaN","NaN","1487445900461"
"NaN","NaN","NaN","1487445900471"
"NaN","NaN","NaN","1487445900481"
"NaN","NaN","NaN","1487445900492"
"NaN","NaN","NaN","1487445900502"
"NaN","NaN","NaN","1487445900512"
"NaN","NaN","NaN","1487445900522"
"NaN","NaN","NaN","1487445900532"
"NaN","NaN","NaN","1487445900542"
"NaN","NaN","NaN","1487445900553"
"NaN","NaN","NaN","1487445900563"
"NaN","NaN","NaN","1487445900573"
"NaN","NaN","NaN","1487445900583"
"NaN","NaN","NaN","1487445900593"
"NaN","NaN","NaN","1487445900603"
"NaN","NaN","NaN","1487445900613"
"NaN","NaN","NaN","1487445900623"
"NaN","NaN","NaN","1487445900634"
"NaN","NaN","NaN","1487445900644"
"1.0","2.0","3.0","1487445900654"
"1.0","2.0","3.0","1487445900667"
"1.0","2.0","3.0","1487445900678"
"1.0","2.0","3.0","1487445900688"
"1.0","2.0","3.0","1487445900698"
"1.0","2.0","3.0","1487445900708"
"1.0","2.0","3.0","1487445900718"
"1.0","2.0","3.0","1487445900728"
"1.0","2.0","3.0","1487445900738"
"1.0","2.0","3.0","1487445900749"
"1.0","2.0","3.0","1487445900760"
"1.0","2.0","3.0","1487445900770"
"1.0","2.0","3.0","1487445900780"
"1.0","2.0","3.0","1487445900790"
"1.0","2.0","3.0","1487445900800"
"1.0","2.0","3.0","1487445900810"
"1.0","2.0","3.0","1487445900821"
"1.0","2.0","3.0","1487445900831"
"1.0","2.0","3.0","1487445900841"
"1.0","2.0","3.0","1487445900851"
"1.0","2.0","3.0","1487445900861"
"1.0","2.0","3.0","1487445900871"
"1.0","2.0","3.0","1487445900882"
"1.0","2.0","3.0","1487445900893"
"1.0","2.0","3.0","1487445900903"
"1.0","2.0","3.0","1487445900913"
"1.0","2.0","3.0","1487445900924"
"1.0","2.0","3.0","1487445900934"
"1.0","2.0","3.0","1487445900944"
"1.0","2.0","3.0","1487445900954"
"1.0","2.0","3.0","1487445900964"
"1.0","2.0","3.0","1487445900975"
"1.0","2.0","3.0","1487445900985"
"1.0","2.0","3.0","1487445900995"
"1.0","2.0","3.0","1487445901005"
"1.0","2.0","3.0","1487445901016"
"1.0","2.0","3.0","1487445901026"
"1.0","2.0","3.0","1487445901036"
"1.0","2.0","3.0","1487445901047"
"1.0","2.0","3.0","1487445901058"
"1.0","2.0","3.0","1487445901068"
"1.0","2.0","3.0","1487445901078"
"1.0","2.0","3.0","1487445901088"
"1.0","2.0","3.0","1487445901098"
"1.0","2.0","3.0","1487445901108"
"1.0","2.0","3.0","1487445901119"
"1.0","2.0","3.0","1487445901129"
"1.0","2.0","3.0","1487445901139"
"1.0","2.0","3.0","1487445901149"
"1.0","2.0","3.0","1487445901159"
"1.0","2.0","3.0","1487445901169"
"1.0","2.0","3.0","1487445901180"
"1.0","2.0","3.0","1487445901191"
"1.0","2.0","3.0","1487445901201"
"1.0","2.0","3.0","1487445901211"
"1.0","2.0","3.0","1487445901221"
"1.0","2.0","3.0","1487445901231"
"1.0","2.0","3.0","1487445901241"
"1.0","2.0","3.0","1487445901253"
"1.0","2.0","3.0","1487445901263"
"1.0","2.0","3.0","1487445901274"
"1.0","2.0","3.0","1487445901285"
"1.0","2.0","3.0","1487445901295"
"1.0","2.0","3.0","1487445901305"
"1.0","2.0","3.0","1487445901315"
"1.0","2.0","3.0","1487445901326"
"1.0","2.0","3.0","1487445901336"
"1.0","2.0","3.0","1487445901346"
"1.0","2.0","3.0","1487445901357"
"1.0","2.0","3.0","1487445901367"
"1.0","2.0","3.0","1487445901378"
"1.0","2.0","3.0","1487445901389"
"1.0","2.0","3.0","1487445901399"
"1.0","2.0","3.0","1487445901409"
"1.0","2.0","3.0","1487445901420"
"1.0","2.0","3.0","1487445901430"
"1.0","2.0","3.0","1487445901441"
"1.0","2.0","3.0","1487445901452"
"1.0","2.0","3.0","1487445901462"
"1.0","2.0","3.0","1487445901472"
"1.0","2.0","3.0","1487445901482"
"1.0","2.0","3.0","1487445901492"
"1.0","2.0","3.0","1487445901502"
"1.0","2.0","3.0","1487445901513"
"1.0","2.0","3.0","1487445901523"
"1.0","2.0","3.0","1487445901533"
"1.0","2.0","3.0","1487445901543"
"1.0","2.0","3.0","1487445901554"
"1.0","2.0","3.0","1487445901564"
"1.0","2.0","3.0","1487445901575"
"1.0","2.0","3.0","1487445901585"
"1.0","2.0","3.0","1487445901595"
"1.0","2.0","3.0","1487445901605"
"1.0","2.0","3.0","1487445901616"
"1.0","2.0","3.0","1487445901626"
"1.0","2.0","3.0","1487445901636"
"1.0","2.0","3.0","1487445901646"
"1.0","2.0","3.0","1487445901656"
"1.0","2.0","3.0","1487445901667"
"1.0","2.0","3.0","1487445901677"
"1.0","2.0","3.0","1487445901688"
"1.0","2.0","3.0","1487445901698"
"1.0","2.0","3.0","1487445901708"
"1.0","2.0","3.0","1487445901718"
"1.0","2.0","3.0","1487445901728"
"1.0","2.0","3.0","1487445901738"
"1.0","2.0","3.0","1487445901748"
"1.0","2.0","3.0","1487445901759"
"1.0","2.0","3.0","1487445901770"
"1.0","2.0","3.0","1487445901781"
"1.0","2.0","3.0","1487445901791"
"1.0","2.0","3.0","1487445901801"
"1.0","2.0","3.0","1487445901812"
"1.0","2.0","3.0","1487445901823"
"1.0","2.0","3.0","1487445901833"
"1.0","2.0","3.0","1487445901844"
"1.0","2.0","3.0","1487445901854"
"1.0","2.0","3.0","1487445901865"
"1.0","2.0","3.0","1487445901875"
"1.0","2.0","3.0","1487445901885"
"1.0","2.0","3.0","1487445901896"
"1.0","2.0","3.0","1487445901907"
"1.0","2.0","3.0","1487445901917"
"1.0","2.0","3.0","1487445901927"
"1.0","2.0","3.0","1487445901938"
"1.0","2.0","3.0","1487445901948"
"1.0","2.0","3.0","1487445901958"
"1.0","2.0","3.0","1487445901968"
"1.0","2.0","3.0","1487445901979"
"1.0","2.0","3.0","1487445901989"
"1.0","2.0","3.0","1487445901999"
"1.0","2.0","3.0","1487445902009"
"1.0","2.0","3.0","1487445902019"
"1.0","2.0","3.0","1487445902029"
"1.0","2.0","3.0","1487445902040"
"1.0","2.0","3.0","1487445902050"
"1.0","2.0","3.0","1487445902060"
"1.0","2.0","3.0","1487445902070"
"1.0","2.0","3.0","1487445902081"
"1.0","2.0","3.0","1487445902091"
"1.0","2.0","3.0","1487445902102"
"1.0","2.0","3.0","1487445902112"
"1.0","2.0","3.0","1487445902123"
"1.0","2.0","3.0","1487445902133"
"1.0","2.0","3.0","1487445902143"
"1.0","2.0","3.0","1487445902154"
"1.0","2.0","3.0","1487445902164"
"1.0","2.0","3.0","1487445902175"
"1.0","2.0","3.0","1487445902185"
"1.0","2.0","3.0","1487445902196"
"1.0","2.0","3.0","1487445902206"
"1.0","2.0","3.0","1487445902216"
"1.0","2.0","3.0","1487445902226"
"1.0","2.0","3.0","1487445902236"
"1.0","2.0","3.0","1487445902246"
"1.0","2.0","3.0","1487445902257"
"1.0","2.0","3.0","1487445902267"
"1.0","2.0","3.0","1487445902277"
"1.0","2.0","3.0","1487445902287"
"1.0","2.0","3.0","1487445902298"
"1.0","2.0","3.0","1487445902308"
"1.0","2.0","3.0","1487445902318"
"1.0","2.0","3.0","1487445902328"
"1.0","2.0","3.0","1487445902338"
"1.0","2.0","3.0","1487445902348"
"1.0","2.0","3.0","1487445902359"
"1.0","2.0","3.0","1487445902369"
"1.0","2.0","3.0","1487445902380"
"1.0","2.0","3.0","1487445902390"
"1.0","2.0","3.0","1487445902400"
"1.0","2.0","3.0","1487445902410"
"1.0","2.0","3.0","1487445902421"
"1.0","2.0","3.0","1487445902431"
"1.0","2.0","3.0","1487445902441"
"1.0","2.0","3.0","1487445902451"
"1.0","2.0","3.0","1487445902462"
"1.0","2.0","3.0","1487445902472"
"1.0","2.0","3.0","1487445902482"
"1.0","2.0","3.0","1487445902492"
"1.0","2.0","3.0","1487445902503"
"1.0","2.0","3.0","1487445902514"
"1.0","2.0","3.0","1487445902525"
"1.0","2.0","3.0","1487445902536"
"1.0","2.0","3.0","1487445902547"
"1.0","2.0","3.0","1487445902557"
"1.0","2.0","3.0","1487445902567"
"1.0","2.0","3.0","1487445902577"
"1.0","2.0","3.0","1487445902589"
"1.0","2.0","3.0","1487445902599"
"1.0","2.0","3.0","1487445902609"
"1.0","2.0","3.0","1487445902619"
"1.0","2.0","3.0","1487445902630"
"1.0","2.0","3.0","1487445902640"
"1.0","2.0","3.0","1487445902651"
"1.0","2.0","3.0","1487445902662"
"1.0","2.0","3.0","1487445902672"
"1.0","2.0","3.0","1487445902682"
"1.0","2.0","3.0","1487445902692"
"1.0","2.0","3.0","1487445902703"
"1.0","2.0","3.0","1487445902713"
"1.0","2.0","3.0","1487445902723"
"1.0","2.0","3.0","1487445902733"
"1.0","2.0","3.0","1487445902743"
"1.0","2.0","3.0","1487445902753"
"1.0","2.0","3.0","1487445902763"
"1.0","2.0","3.0","1487445902774"
"1.0","2.0","3.0","1487445902785"
"1.0","2.0","3.0","1487445902795"
"1.0","2.0","3.0","1487445902805"
"1.0","2.0","3.0","1487445902815"
"1.0","2.0","3.0","1487445902826"
"1.0","2.0","3.0","1487445902836"
"1.0","2.0","3.0","1487445902846"
"1.0","2.0","3.0","1487445902857"
"1.0","2.0","3.0","1487445902867"
"1.0","2.0","3.0","1487445902877"
"1.0","2.0","3.0","1487445902887"
"1.0","2.0","3.0","1487445902898"
"1.0","2.0","3.0","1487445902908"
"1.0","2.0","3.0","1487445902918"
"1.0","2.0","3.0","1487445902928"
"1.0","2.0","3.0","1487445902938"
"1.0","2.0","3.0","1487445902949"
"1.0","2.0","3.0","1487445902959"
"1.0","2.0","3.0","1487445902969"
"1.0","2.0","3.0","1487445902980"
"1.0","2.0","3.0","1487445902990"
"1.0","2.0","3.0","1487445903000"
"1.0","2.0","3.0","1487445903011"
"1.0","2.0","3.0","1487445903021"
"1.0","2.0","3.0","1487445903031"
"1.0","2.0","3.0","1487445903041"
"1.0","2.0","3.0","1487445903051"
"1.0","2.0","3.0","1487445903062"
"1.0","2.0","3.0","1487445903073"
"1.0","2.0","3.0","1487445903084"
"1.0","2.0","3.0","1487445903094"
"1.0","2.0","3.0","1487445903104"
"1.0","2.0","3.0","1487445903114"
"1.0","2.0","3.0","1487445903124"
"1.0","2.0","3.0","1487445903135"
"1.0","2.0","3.0","1487445903145"
"1.0","2.0","3.0","1487445903155"
"1.0","2.0","3.0","1487445903165"
"1.0","2.0","3.0","1487445903175"
"1.0","2.0","3.0","1487445903186"
"1.0","2.0","3.0","1487445903196"
"1.0","2.0","3.0","1487445903206"
"1.0","2.0","3.0","1487445903216"
"1.0","2.0","3.0","1487445903226"
"1.0","2.0","3.0","1487445903236"
"1.0","2.0","3.0","1487445903246"
"1.0","2.0","3.0","1487445903257"
"1.0","2.0","3.0","1487445903267"
"1.0","2.0","3.0","1487445903277"
"1.0","2.0","3.0","1487445903288"
"1.0","2.0","3.0","1487445903298"
"1.0","2.0","3.0","1487445903309"
"1.0","2.0","3.0","1487445903319"
"1.0","2.0","3.0","1487445903329"
"1.0","2.0","3.0","1487445903339"
"1.0","2.0","3.0","1487445903350"
"1.0","2.0","3.0","1487445903360"
"1.0","2.0","3.0","1487445903370"
"1.0","2.0","3.0","1487445903381"
"1.0","2.0","3.0","1487445903391"
"1.0","2.0","3.0","1487445903401"
"1.0","2.0","3.0","1487445903412"
"1.0","2.0","3.0","1487445903422"
"1.0","2.0","3.0","1487445903432"
"1.0","2.0","3.0","1487445903442"
"1.0","2.0","3.0","1487445903453"
"1.0","2.0","3.0","1487445903463"
"1.0","2.0","3.0","1487445903473"
"1.0","2.0","3.0","1487445903483"
"1.0","2.0","3.0","1487445903493"
"1.0","2.0","3.0","1487445903503"
"1.0","2.0","3.0","1487445903514"
"1.0","2.0","3.0","1487445903525"
"1.0","2.0","3.0","1487445903535"
"1.0","2.0","3.0","1487445903545"
"1.0","2.0","3.0","1487445903555"
"1.0","2.0","3.0","1487445903566"
"1.0","2.0","3.0","1487445903576"
"1.0","2.0","3.0","1487445903586"
"1.0","2.0","3.0","1487445903596"
"1.0","2.0","3.0","1487445903607"
"1.0","2.0","3.0","1487445903617"
"1.0","2.0","3.0","1487445903627"
"1.0","2.0","3.0","1487445903638"
"1.0","2.0","3.0","1487445903648"
"1.0","2.0","3.0","1487445903659"
"1.0","2.0","3.0","1487445903669"
"1.0","2.0","3.0","1487445903680"
"1.0","2.0","3.0","1487445903690"
"1.0","2.0","3.0","1487445903701"
"1.0","2.0","3.0","1487445903711"
"1.0","2.0","3.0","1487445903722"
"1.0","2.0","3.0","1487445903732"
"1.0","2.0","3.0","1487445903742"
"1.0","2.0","3.0","1487445903752"
"1.0","2.0","3.0","1487445903762"
"1.0","2.0","3.0","1487445903772"
"1.0","2.0","3.0","1487445903783"
"1.0","2.0","3.0","1487445903794"
"1.0","2.0","3.0","1487445903804"
"1.0","2.0","3.0","1487445903814"
"1.0","2.0","3.0","1487445903825"
"1.0","2.0","3.0","1487445903835"
"1.0","2.0","3.0","1487445903845"
"1.0","2.0","3.0","1487445903855"
"1.0","2.0","3.0","1487445903865"
"1.0","2.0","3.0","1487445903875"
"1.0","2.0","3.0","1487445903886"
"1.0","2.0","3.0","1487445903896"
"1.0","2.0","3.0","1487445903906"
"1.0","2.0","3.0","1487445903916"
"1.0","2.0","3.0","1487445903926"
"1.0","2.0","3.0","1487445903936"
"1.0","2.0","3.0","1487445903946"
"1.0","2.0","3.0","1487445903957"
"1.0","2.0","3.0","1487445903967"
"1.0","2.0","3.0","1487445903978"
"1.0","2.0","3.0","1487445903988"
"1.0","2.0","3.0","1487445903999"
"1.0","2.0","3.0","1487445904009"
"1.0","2.0","3.0","1487445904019"
"1.0","2.0","3.0","1487445904030"
"1.0","2.0","3.0","1487445904040"
"1.0","2.0","3.0","1487445904051"
"1.0","2.0","3.0","1487445904061"
"1.0","2.0","3.0","1487445904071"
"1.0","2.0","3.0","1487445904082"
"1.0","2.0","3.0","1487445904092"
"1.0","2.0","3.0","1487445904102"
"1.0","2.0","3.0","1487445904112"
"1.0","2.0","3.0","1487445904122"
"1.0","2.0","3.0","1487445904132"
"1.0","2.0","3.0","1487445904142"
"1.0","2.0","3.0","1487445904152"
"1.0","2.0","3.0","1487445904162"
"1.0","2.0","3.0","1487445904172"
"1.0","2.0","3.0","1487445904182"
"1.0","2.0","3.0","1487445904193"
"1.0","2.0","3.0","1487445904203"
"1.0","2.0","3.0","1487445904213"
"1.0","2.0","3.0","1487445904224"
"1.0","2.0","3.0","1487445904234"
"1.0","2.0","3.0","1487445904244"
"1.0","2.0","3.0","1487445904254"
"1.0","2.0","3.0","1487445904264"
"1.0","2.0","3.0","1487445904274"
"1.0","2.0","3.0","1487445904284"
"1.0","2.0","3.0","1487445904295"
"1.0","2.0","3.0","1487445904305"
"1.0","2.0","3.0","1487445904316"
"1.0","2.0","3.0","1487445904326"
"1.0","2.0","3.0","1487445904337"
"1.0","2.0","3.0","1487445904347"
"1.0","2.0","3.0","1487445904357"
"1.0","2.0","3.0","1487445904367"
"1.0","2.0","3.0","1487445904377"
"1.0","2.0","3.0","1487445904387"
"1.0","2.0","3.0","1487445904398"
"1.0","2.0","3.0","1487445904408"
"1.0","2.0","3.0","1487445904418"
"1.0","2.0","3.0","1487445904428"
"1.0","2.0","3.0","1487445904438"
"1.0","2.0","3.0","1487445904448"
"1.0","2.0","3.0","1487445904459"
"1.0","2.0","3.0","1487445904469"
"1.0","2.0","3.0","1487445904479"
"1.0","2.0","3.0","1487445904489"
"1.0","2.0","3.0","1487445904499"
"1.0","2.0","3.0","1487445904509"
"1.0","2.0","3.0","1487445904519"
"1.0","2.0","3.0","1487445904529"
"1.0","2.0","3.0","1487445904540"
"1.0","2.0","3.0","1487445904550"
"1.0","2.0","3.0","1487445904560"
"1.0","2.0","3.0","1487445904570"
"1.0","2.0","3.0","1487445904580"
"1.0","2.0","3.0","1487445904590"
"1.0","2.0","3.0","1487445904600"
"1.0","2.0","3.0","1487445904610"
"1.0","2.0","3.0","1487445904621"
"1.0","2.0","3.0","1487445904631"
"1.0","2.0","3.0","1487445904642"
"1.0","2.0","3.0","1487445904652"
"1.0","2.0","3.0","1487445904663"
"1.0","2.0","3.0","1487445904673"
"1.0","2.0","3.0","1487445904683"
"1.0","2.0","3.0","1487445904694"
"1.0","2.0","3.0","1487445904704"
"1.0","2.0","3.0","1487445904714"
"1.0","2.0","3.0","1487445904724"
"1.0","2.0","3.0","1487445904735"
"1.0","2.0","3.0","1487445904746"
"1.0","2.0","3.0","1487445904756"
"1.0","2.0","3.0","1487445904767"
"1.0","2.0","3.0","1487445904777"
"1.0","2.0","3.0","1487445904787"
"1.0","2.0","3.0","1487445904797"
"1.0","2.0","3.0","1487445904807"
"1.0","2.0","3.0","1487445904818"
"1.0","2.0","3.0","1487445904828"
"1.0","2.0","3.0","1487445904838"
"1.0","2.0","3.0","1487445904848"
"1.0","2.0","3.0","1487445904858"
"1.0","2.0","3.0","1487445904868"
"1.0","2.0","3.0","1487445904879"
"1.0","2.0","3.0","1487445904889"
"1.0","2.0","3.0","1487445904899"
"1.0","2.0","3.0","1487445904909"
"1.0","2.0","3.0","1487445904919"
"1.0","2.0","3.0","1487445904929"
"1.0","2.0","3.0","1487445904940"
"1.0","2.0","3.0","1487445904951"
"1.0","2.0","3.0","1487445904961"
"1.0","2.0","3.0","1487445904971"
"1.0","2.0","3.0","1487445904981"
"1.0","2.0","3.0","1487445904991"
"1.0","2.0","3.0","1487445905001"
"1.0","2.0","3.0","1487445905012"
"1.0","2.0","3.0","1487445905023"
"1.0","2.0","3.0","1487445905033"
"1.0","2.0","3.0","1487445905043"
"1.0","2.0","3.0","1487445905053"
"1.0","2.0","3.0","1487445905063"
"1.0","2.0","3.0","1487445905074"
"1.0","2.0","3.0","1487445905084"
"1.0","2.0","3.0","1487445905094"
"1.0","2.0","3.0","1487445905104"
"1.0","2.0","3.0","1487445905115"
"1.0","2.0","3.0","1487445905125"
"1.0","2.0","3.0","1487445905136"
"1.0","2.0","3.0","1487445905146"
"1.0","2.0","3.0","1487445905156"
"1.0","2.0","3.0","1487445905167"
"1.0","2.0","3.0","1487445905177"
"1.0","2.0","3.0","1487445905187"
"1.0","2.0","3.0","1487445905197"
"1.0","2.0","3.0","1487445905207"
"1.0","2.0","3.0","1487445905217"
"1.0","2.0","3.0","1487445905228"
"1.0","2.0","3.0","1487445905238"
"1.0","2.0","3.0","1487445905248"
"1.0","2.0","3.0","1487445905258"
"1.0","2.0","3.0","1487445905268"
"1.0","2.0","3.0","1487445905278"
"1.0","2.0","3.0","1487445905288"
"1.0","2.0","3.0","1487445905298"
"1.0","2.0","3.0","1487445905308"
"1.0","2.0","3.0","1487445905318"
"1.0","2.0","3.0","1487445905328"
"1.0","2.0","3.0","1487445905338"
"1.0","2.0","3.0","1487445905349"
"1.0","2.0","3.0","1487445905360"
"1.0","2.0","3.0","1487445905370"
"1.0","2.0","3.0","1487445905381"
"1.0","2.0","3.0","1487445905392"
"1.0","2.0","3.0","1487445905402"
"1.0","2.0","3.0","1487445905412"
"1.0","2.0","3.0","1487445905422"
"1.0","2.0","3.0","1487445905432"
"1.0","2.0","3.0","1487445905442"
"1.0","2.0","3.0","1487445905453"
"1.0","2.0","3.0","1487445905463"
"1.0","2.0","3.0","1487445905473"
"1.0","2.0","3.0","1487445905483"
"1.0","2.0","3.0","1487445905493"
"1.0","2.0","3.0","1487445905504"
"1.0","2.0","3.0","1487445905514"
"1.0","2.0","3.0","1487445905524"
"1.0","2.0","3.0","1487445905534"
"1.0","2.0","3.0","1487445905545"
"1.0","2.0","3.0","1487445905556"
"1.0","2.0","3.0","1487445905566"
"1.0","2.0","3.0","1487445905576"
"1.0","2.0","3.0","1487445905586"
"1.0","2.0","3.0","1487445905596"
"1.0","2.0","3.0","1487445905607"
"1.0","2.0","3.0","1487445905617"
"1.0","2.0","3.0","1487445905627"
"1.0","2.0","3.0","1487445905637"
"1.0","2.0","3.0","1487445905649"
"1.0","2.0","3.0","1487445905659"
"1.0","2.0","3.0","1487445905669"
"1.0","2.0","3.0","1487445905680"
"1.0","2.0","3.0","1487445905690"
"1.0","2.0","3.0","1487445905700"
"1.0","2.0","3.0","1487445905710"
"1.0","2.0","3.0","1487445905720"
"1.0","2.0","3.0","1487445905730"
"1.0","2.0","3.0","1487445905741"
"1.0","2.0","3.0","1487445905751"
"1.0","2.0","3.0","1487445905761"
"1.0","2.0","3.0","1487445905771"
"1.0","2.0","3.0","1487445905781"
"1.0","2.0","3.0","1487445905791"
"1.0","2.0","3.0","1487445905801"
"1.0","2.0","3.0","1487445905812"
"1.0","2.0","3.0","1487445905822"
"1.0","2.0","3.0","1487445905832"
"1.0","2.0","3.0","1487445905843"
"1.0","2.0","3.0","1487445905853"
"1.0","2.0","3.0","1487445905864"
"1.0","2.0","3.0","1487445905874"
"1.0","2.0","3.0","1487445905884"
"1.0","2.0","3.0","1487445905894"
"1.0","2.0","3.0","1487445905904"
"1.0","2.0","3.0","1487445905914"
"1.0","2.0","3.0","1487445905925"
"1.0","2.0","3.0","1487445905935"
"1.0","2.0","3.0","1487445905945"
"1.0","2.0","3.0","1487445905955"
"1.0","2.0","3.0","1487445905965"
"1.0","2.0","3.0","1487445905976"
"1.0","2.0","3.0","1487445905986"
"1.0","2.0","3.0","1487445905997"
"1.0","2.0","3.0","1487445906007"
"1.0","2.0","3.0","1487445906017"
"1.0","2.0","3.0","1487445906028"
"1.0","2.0","3.0","1487445906038"
"1.0","2.0","3.0","1487445906048"
"1.0","2.0","3.0","1487445906059"
"1.0","2.0","3.0","1487445906069"
"1.0","2.0","3.0","1487445906079"
"1.0","2.0","3.0","1487445906089"
"1.0","2.0","3.0","1487445906100"
"1.0","2.0","3.0","1487445906110"
"1.0","2.0","3.0","1487445906120"
"1.0","2.0","3.0","1487445906131"
"1.0","2.0","3.0","1487445906141"
"1.0","2.0","3.0","1487445906152"
"1.0","2.0","3.0","1487445906162"
"1.0","2.0","3.0","1487445906173"
"1.0","2.0","3.0","1487445906183"
"1.0","2.0","3.0","1487445906193"
"1.0","2.0","3.0","1487445906203"
"1.0","2.0","3.0","1487445906213"
"1.0","2.0","3.0","1487445906223"
"1.0","2.0","3.0","1487445906233"
"1.0","2.0","3.0","1487445906243"
"1.0","2.0","3.0","1487445906254"
"1.0","2.0","3.0","1487445906264"
"1.0","2.0","3.0","1487445906275"
"1.0","2.0","3.0","1487445906285"
"1.0","2.0","3.0","1487445906296"
"1.0","2.0","3.0","1487445906306"
"1.0","2.0","3.0","1487445906316"
"1.0","2.0","3.0","1487445906327"
"1.0","2.0","3.0","1487445906337"
"1.0","2.0","3.0","1487445906347"
"1.0","2.0","3.0","1487445906357"
"1.0","2.0","3.0","1487445906368"
"1.0","2.0","3.0","1487445906378"
"1.0","2.0","3.0","1487445906388"
"1.0","2.0","3.0","1487445906398"
"1.0","2.0","3.0","1487445906408"
"1.0","2.0","3.0","1487445906419"
"1.0","2.0","3.0","1487445906429"
"1.0","2.0","3.0","1487445906439"
"1.0","2.0","3.0","1487445906449"
"1.0","2.0","3.0","1487445906460"
"1.0","2.0","3.0","1487445906470"
"1.0","2.0","3.0","1487445906481"
"1.0","2.0","3.0","1487445906491"
"1.0","2.0","3.0","1487445906501"
"1.0","2.0","3.0","1487445906512"
"1.0","2.0","3.0","1487445906522"
"1.0","2.0","3.0","1487445906532"
"1.0","2.0","3.0","1487445906543"
"1.0","2.0","3.0","1487445906553"
"1.0","2.0","3.0","1487445906563"
"1.0","2.0","3.0","1487445906574"
"1.0","2.0","3.0","1487445906584"
"1.0","2.0","3.0","1487445906594"
"1.0","2.0","3.0","1487445906604"
"1.0","2.0","3.0","1487445906615"
"1.0","2.0","3.0","1487445906625"
"1.0","2.0","3.0","1487445906635"
"1.0","2.0","3.0","1487445906645"
"1.0","2.0","3.0","1487445906655"
"1.0","2.0","3.0","1487445906665"
"1.0","2.0","3.0","1487445906675"
"1.0","2.0","3.0","1487445906685"
"1.0","2.0","3.0","1487445906696"
"1.0","2.0","3.0","1487445906706"
"1.0","2.0","3.0","1487445906716"
"1.0","2.0","3.0","1487445906726"
"1.0","2.0","3.0","1487445906736"
"1.0","2.0","3.0","1487445906746"
"1.0","2.0","3.0","1487445906758"
"1.0","2.0","3.0","1487445906768"
"1.0","2.0","3.0","1487445906778"
"1.0","2.0","3.0","1487445906789"
"1.0","2.0","3.0","1487445906799"
"1.0","2.0","3.0","1487445906809"
"1.0","2.0","3.0","1487445906819"
"1.0","2.0","3.0","1487445906830"
"1.0","2.0","3.0","1487445906841"
"1.0","2.0","3.0","1487445906851"
"1.0","2.0","3.0","1487445906861"
"1.0","2.0","3.0","1487445906871"
"1.0","2.0","3.0","1487445906881"
"1.0","2.0","3.0","1487445906891"
"1.0","2.0","3.0","1487445906901"
"1.0","2.0","3.0","1487445906912"
"1.0","2.0","3.0","1487445906922"
"1.0","2.0","3.0","1487445906932"
"1.0","2.0","3.0","1487445906943"
"1.0","2.0","3.0","1487445906953"
"1.0","2.0","3.0","1487445906963"
"1.0","2.0","3.0","1487445906973"
"1.0","2.0","3.0","1487445906983"
"1.0","2.0","3.0","1487445906993"
"1.0","2.0","3.0","1487445907004"
"1.0","2.0","3.0","1487445907015"
"1.0","2.0","3.0","1487445907025"
"1.0","2.0","3.0","1487445907035"
"1.0","2.0","3.0","1487445907046"
"1.0","2.0","3.0","1487445907057"
"1.0","2.0","3.0","1487445907067"
"1.0","2.0","3.0","1487445907077"
"1.0","2.0","3.0","1487445907088"
"1.0","2.0","3.0","1487445907098"
"1.0","2.0","3.0","1487445907108"
"1.0","2.0","3.0","1487445907118"
"1.0","2.0","3.0","1487445907129"
"1.0","2.0","3.0","1487445907139"
"1.0","2.0","3.0","1487445907149"
"1.0","2.0","3.0","1487445907159"
"1.0","2.0","3.0","1487445907170"
"1.0","2.0","3.0","1487445907180"
"1.0","2.0","3.0","1487445907191"
"1.0","2.0","3.0","1487445907202"
"1.0","2.0","3.0","1487445907212"
"1.0","2.0","3.0","1487445907222"
"1.0","2.0","3.0","1487445907233"
"1.0","2.0","3.0","1487445907243"
"1.0","2.0","3.0","1487445907253"
"1.0","2.0","3.0","1487445907263"
"1.0","2.0","3.0","1487445907273"
"1.0","2.0","3.0","1487445907284"
"1.0","2.0","3.0","1487445907295"
"1.0","2.0","3.0","1487445907305"
"1.0","2.0","3.0","1487445907315"
"1.0","2.0","3.0","1487445907326"
"1.0","2.0","3.0","1487445907336"
"1.0","2.0","3.0","1487445907346"
"1.0","2.0","3.0","1487445907357"
"1.0","2.0","3.0","1487445907368"
"1.0","2.0","3.0","1487445907378"
"1.0","2.0","3.0","1487445907388"
"1.0","2.0","3.0","1487445907399"
"1.0","2.0","3.0","1487445907409"
"1.0","2.0","3.0","1487445907420"
"1.0","2.0","3.0","1487445907431"
"1.0","2.0","3.0","1487445907441"
"1.0","2.0","3.0","1487445907452"
"1.0","2.0","3.0","1487445907463"
"1.0","2.0","3.0","1487445907473"
"1.0","2.0","3.0","1487445907483"
"1.0","2.0","3.0","1487445907494"
"1.0","2.0","3.0","1487445907504"
"1.0","2.0","3.0","1487445907514"
"1.0","2.0","3.0","1487445907524"
"1.0","2.0","3.0","1487445907535"
"1.0","2.0","3.0","1487445907545"
"1.0","2.0","3.0","1487445907555"
"1.0","2.0","3.0","1487445907565"
"1.0","2.0","3.0","1487445907575"
"1.0","2.0","3.0","1487445907585"
"1.0","2.0","3.0","1487445907596"
"1.0","2.0","3.0","1487445907606"
"1.0","2.0","3.0","1487445907616"
"1.0","2.0","3.0","1487445907626"
"1.0","2.0","3.0","1487445907636"
"1.0","2.0","3.0","1487445907646"
"1.0","2.0","3.0","1487445907657"
"1.0","2.0","3.0","1487445907668"
"1.0","2.0","3.0","1487445907678"
"1.0","2.0","3.0","1487445907689"
"1.0","2.0","3.0","1487445907699"
"1.0","2.0","3.0","1487445907710"
"1.0","2.0","3.0","1487445907720"
"1.0","2.0","3.0","1487445907731"
"1.0","2.0","3.0","1487445907741"
"1.0","2.0","3.0","1487445907751"
"1.0","2.0","3.0","1487445907761"
"1.0","2.0","3.0","1487445907771"
"1.0","2.0","3.0","1487445907781"
"1.0","2.0","3.0","1487445907791"
"1.0","2.0","3.0","1487445907801"
"1.0","2.0","3.0","1487445907812"
"1.0","2.0","3.0","1487445907822"
"1.0","2.0","3.0","1487445907832"
"1.0","2.0","3.0","1487445907842"
"1.0","2.0","3.0","1487445907852"
"1.0","2.0","3.0","1487445907862"
"1.0","2.0","3.0","1487445907873"
"1.0","2.0","3.0","1487445907883"
"1.0","2.0","3.0","1487445907893"
"1.0","2.0","3.0","1487445907904"
"1.0","2.0","3.0","1487445907915"
"1.0","2.0","3.0","1487445907925"
"1.0","2.0","3.0","1487445907936"
"1.0","2.0","3.0","1487445907946"
"1.0","2.0","3.0","1487445907957"
"1.0","2.0","3.0","1487445907967"
"1.0","2.0","3.0","1487445907978"
"1.0","2.0","3.0","1487445907988"
"1.0","2.0","3.0","1487445907999"
"1.0","2.0","3.0","1487445908009"
"1.0","2.0","3.0","1487445908019"
"1.0","2.0","3.0","1487445908029"
"1.0","2.0","3.0","1487445908040"
"1.0","2.0","3.0","1487445908050"
"1.0","2.0","3.0","1487445908060"
"1.0","2.0","3.0","1487445908070"
"1.0","2.0","3.0","1487445908081"
"1.0","2.0","3.0","1487445908092"
"1.0","2.0","3.0","1487445908102"
"1.0","2.0","3.0","1487445908112"
"1.0","2.0","3.0","1487445908123"
"1.0","2.0","3.0","1487445908133"
"1.0","2.0","3.0","1487445908143"
"1.0","2.0","3.0","1487445908154"
"1.0","2.0","3.0","1487445908164"
"1.0","2.0","3.0","1487445908175"
"1.0","2.0","3.0","1487445908185"
"1.0","2.0","3.0","1487445908195"
"1.0","2.0","3.0","1487445908205"
"1.0","2.0","3.0","1487445908216"
"1.0","2.0","3.0","1487445908226"
"1.0","2.0","3.0","1487445908236"
"1.0","2.0","3.0","1487445908246"
"1.0","2.0","3.0","1487445908256"
"1.0","2.0","3.0","1487445908266"
"1.0","2.0","3.0","1487445908277"
"1.0","2.0","3.0","1487445908287"
"1.0","2.0","3.0","1487445908297"
"1.0","2.0","3.0","1487445908308"
"1.0","2.0","3.0","1487445908319"
"1.0","2.0","3.0","1487445908329"
"1.0","2.0","3.0","1487445908340"
"1.0","2.0","3.0","1487445908350"
"1.0","2.0","3.0","1487445908360"
"1.0","2.0","3.0","1487445908371"
"1.0","2.0","3.0","1487445908381"
"1.0","2.0","3.0","1487445908391"
"1.0","2.0","3.0","1487445908401"
"1.0","2.0","3.0","1487445908412"
"1.0","2.0","3.0","1487445908422"
"1.0","2.0","3.0","1487445908432"
"1.0","2.0","3.0","1487445908443"
"1.0","2.0","3.0","1487445908453"
"1.0","2.0","3.0","1487445908463"
"1.0","2.0","3.0","1487445908473"
"1.0","2.0","3.0","1487445908484"
"1.0","2.0","3.0","1487445908494"
"1.0","2.0","3.0","1487445908504"
"1.0","2.0","3.0","1487445908514"
"1.0","2.0","3.0","1487445908524"
"1.0","2.0","3.0","1487445908535"
"1.0","2.0","3.0","1487445908545"
"1.0","2.0","3.0","1487445908555"
"1.0","2.0","3.0","1487445908566"
"1.0","2.0","3.0","1487445908576"
"1.0","2.0","3.0","1487445908586"
"1.0","2.0","3.0","1487445908596"
"1.0","2.0","3.0","1487445908606"
"1.0","2.0","3.0","1487445908616"
"1.0","2.0","3.0","1487445908627"
"1.0","2.0","3.0","1487445908637"
"1.0","2.0","3.0","1487445908647"
"1.0","2.0","3.0","1487445908657"
"1.0","2.0","3.0","1487445908667"
"1.0","2.0","3.0","1487445908677"
"1.0","2.0","3.0","1487445908687"
"1.0","2.0","3.0","1487445908698"
"1.0","2.0","3.0","1487445908708"
"1.0","2.0","3.0","1487445908719"
"1.0","2.0","3.0","1487445908729"
"1.0","2.0","3.0","1487445908739"
"1.0","2.0","3.0","1487445908750"
"1.0","2.0","3.0","1487445908760"
"1.0","2.0","3.0","1487445908770"
"1.0","2.0","3.0","1487445908781"
"1.0","2.0","3.0","1487445908792"
"1.0","2.0","3.0","1487445908802"
"1.0","2.0","3.0","1487445908813"
"1.0","2.0","3.0","1487445908823"
"1.0","2.0","3.0","1487445908834"
"1.0","2.0","3.0","1487445908845"
"1.0","2.0","3.0","1487445908855"
"1.0","2.0","3.0","1487445908865"
"1.0","2.0","3.0","1487445908875"
"1.0","2.0","3.0","1487445908885"
"1.0","2.0","3.0","1487445908895"
"1.0","2.0","3.0","1487445908905"
"1.0","2.0","3.0","1487445908915"
"1.0","2.0","3.0","1487445908926"
"1.0","2.0","3.0","1487445908936"
"1.0","2.0","3.0","1487445908946"
"1.0","2.0","3.0","1487445908957"
"1.0","2.0","3.0","1487445908967"
"1.0","2.0","3.0","1487445908977"
"1.0","2.0","3.0","1487445908987"
"1.0","2.0","3.0","1487445908998"
"1.0","2.0","3.0","1487445909008"
"1.0","2.0","3.0","1487445909018"
"1.0","2.0","3.0","1487445909029"
"1.0","2.0","3.0","1487445909039"
"1.0","2.0","3.0","1487445909050"
"1.0","2.0","3.0","1487445909060"
"1.0","2.0","3.0","1487445909070"
"1.0","2.0","3.0","1487445909080"
"1.0","2.0","3.0","1487445909091"
"1.0","2.0","3.0","1487445909101"
"1.0","2.0","3.0","1487445909112"
"1.0","2.0","3.0","1487445909123"
"1.0","2.0","3.0","1487445909134"
"1.0","2.0","3.0","1487445909144"
"1.0","2.0","3.0","1487445909154"
"1.0","2.0","3.0","1487445909165"
"1.0","2.0","3.0","1487445909175"
"1.0","2.0","3.0","1487445909186"
"1.0","2.0","3.0","1487445909196"
"1.0","2.0","3.0","1487445909206"
"1.0","2.0","3.0","1487445909216"
"1.0","2.0","3.0","1487445909227"
"1.0","2.0","3.0","1487445909237"
"1.0","2.0","3.0","1487445909248"
"1.0","2.0","3.0","1487445909258"
"1.0","2.0","3.0","1487445909268"
"1.0","2.0","3.0","1487445909279"
"1.0","2.0","3.0","1487445909289"
"1.0","2.0","3.0","1487445909300"
"1.0","2.0","3.0","1487445909310"
"1.0","2.0","3.0","1487445909321"
"1.0","2.0","3.0","1487445909331"
"1.0","2.0","3.0","1487445909342"
"1.0","2.0","3.0","1487445909352"
"1.0","2.0","3.0","1487445909363"
"1.0","2.0","3.0","1487445909373"
"1.0","2.0","3.0","1487445909383"
"1.0","2.0","3.0","1487445909393"
"1.0","2.0","3.0","1487445909403"
"1.0","2.0","3.0","1487445909414"
"1.0","2.0","3.0","1487445909424"
"1.0","2.0","3.0","1487445909434"
"1.0","2.0","3.0","1487445909445"
"1.0","2.0","3.0","1487445909455"
"1.0","2.0","3.0","1487445909465"
"1.0","2.0","3.0","1487445909475"
"1.0","2.0","3.0","1487445909486"
"1.0","2.0","3.0","1487445909497"
"1.0","2.0","3.0","1487445909507"
"1.0","2.0","3.0","1487445909517"
"1.0","2.0","3.0","1487445909527"
"1.0","2.0","3.0","1487445909538"
"1.0","2.0","3.0","1487445909548"
"1.0","2.0","3.0","1487445909558"
"1.0","2.0","3.0","1487445909569"
"1.0","2.0","3.0","1487445909579"
"1.0","2.0","3.0","1487445909589"
"1.0","2.0","3.0","1487445909599"
"1.0","2.0","3.0","1487445909609"
"1.0","2.0","3.0","1487445909620"
"1.0","2.0","3.0","1487445909630"
"1.0","2.0","3.0","1487445909640"
"1.0","2.0","3.0","1487445909650"
"1.0","2.0","3.0","1487445909661"
"1.0","2.0","3.0","1487445909671"
"1.0","2.0","3.0","1487445909682"
"1.0","2.0","3.0","1487445909692"
"1.0","2.0","3.0","1487445909702"
"1.0","2.0","3.0","1487445909712"
"1.0","2.0","3.0","1487445909722"
"1.0","2.0","3.0","1487445909732"
"1.0","2.0","3.0","1487445909742"
"1.0","2.0","3.0","1487445909752"
"1.0","2.0","3.0","1487445909762"
"1.0","2.0","3.0","1487445909772"
"1.0","2.0","3.0","1487445909782"
"1.0","2.0","3.0","1487445909793"
"1.0","2.0","3.0","1487445909803"
"1.0","2.0","3.0","1487445909814"
"1.0","2.0","3.0","1487445909824"
"1.0","2.0","3.0","1487445909835"
"1.0","2.0","3.0","1487445909846"
"1.0","2.0","3.0","1487445909856"
"1.0","2.0","3.0","1487445909866"
"1.0","2.0","3.0","1487445909877"
"1.0","2.0","3.0","1487445909887"
"1.0","2.0","3.0","1487445909898"
"1.0","2.0","3.0","1487445909908"
"1.0","2.0","3.0","1487445909918"
"1.0","2.0","3.0","1487445909928"
"1.0","2.0","3.0","1487445909938"
"1.0","2.0","3.0","1487445909948"
"1.0","2.0","3.0","1487445909958"
"1.0","2.0","3.0","1487445909969"
"1.0","2.0","3.0","1487445909979"
"1.0","2.0","3.0","1487445909990"
"1.0","2.0","3.0","1487445910000"
"1.0","2.0","3.0","1487445910010"
"1.0","2.0","3.0","1487445910020"
"1.0","2.0","3.0","1487445910031"
"1.0","2.0","3.0","1487445910041"
"1.0","2.0","3.0","1487445910051"
"1.0","2.0","3.0","1487445910062"
"1.0","2.0","3.0","1487445910072"
"1.0","2.0","3.0","1487445910082"
"1.0","2.0","3.0","1487445910093"
"1.0","2.0","3.0","1487445910103"
"1.0","2.0","3.0","1487445910113"
"1.0","2.0","3.0","1487445910124"
"1.0","2.0","3.0","1487445910135"
"1.0","2.0","3.0","1487445910145"
"1.0","2.0","3.0","1487445910156"
"1.0","2.0","3.0","1487445910166"
"1.0","2.0","3.0","1487445910176"
"1.0","2.0","3.0","1487445910186"
"1.0","2.0","3.0","1487445910196"
"1.0","2.0","3.0","1487445910206"
"1.0","2.0","3.0","1487445910216"
"1.0","2.0","3.0","1487445910226"
"1.0","2.0","3.0","1487445910237"
"1.0","2.0","3.0","1487445910247"
"1.0","2.0","3.0","1487445910257"
"1.0","2.0","3.0","1487445910267"
"1.0","2.0","3.0","1487445910277"
"1.0","2.0","3.0","1487445910287"
"1.0","2.0","3.0","1487445910298"
"1.0","2.0","3.0","1487445910309"
"1.0","2.0","3.0","1487445910319"
"1.0","2.0","3.0","1487445910329"
"1.0","2.0","3.0","1487445910340"
"1.0","2.0","3.0","1487445910350"
"1.0","2.0","3.0","1487445910361"
"1.0","2.0","3.0","1487445910371"
"1.0","2.0","3.0","1487445910381"
"1.0","2.0","3.0","1487445910391"
"1.0","2.0","3.0","1487445910402"
"1.0","2.0","3.0","1487445910413"
"1.0","2.0","3.0","1487445910423"
"1.0","2.0","3.0","1487445910433"
"1.0","2.0","3.0","1487445910444"
"1.0","2.0","3.0","1487445910454"
"1.0","2.0","3.0","1487445910464"
"1.0","2.0","3.0","1487445910474"
"1.0","2.0","3.0","1487445910485"
"1.0","2.0","3.0","1487445910495"
"1.0","2.0","3.0","1487445910505"
"1.0","2.0","3.0","1487445910515"
"1.0","2.0","3.0","1487445910526"
"1.0","2.0","3.0","1487445910536"
"1.0","2.0","3.0","1487445910546"
"1.0","2.0","3.0","1487445910556"
"1.0","2.0","3.0","1487445910566"
"1.0","2.0","3.0","1487445910576"
"1.0","2.0","3.0","1487445910586"
"1.0","2.0","3.0","1487445910596"
"1.0","2.0","3.0","1487445910606"
"1.0","2.0","3.0","1487445910617"
"1.0","2.0","3.0","1487445910627"
"1.0","2.0","3.0","1487445910638"
"1.0","2.0","3.0","1487445910648"
"1.0","2.0","3.0","1487445910658"
"1.0","2.0","3.0","1487445910668"
"1.0","2.0","3.0","1487445910678"
"1.0","2.0","3.0","1487445910688"
"1.0","2.0","3.0","1487445910698"
"1.0","2.0","3.0","1487445910709"
"1.0","2.0","3.0","1487445910719"
"1.0","2.0","3.0","1487445910729"
"1.0","2.0","3.0","1487445910739"
"1.0","2.0","3.0","1487445910749"
"1.0","2.0","3.0","1487445910759"
"1.0","2.0","3.0","1487445910769"
"1.0","2.0","3.0","1487445910779"
"1.0","2.0","3.0","1487445910789"
"1.0","2.0","3.0","1487445910800"
"1.0","2.0","3.0","1487445910810"
"1.0","2.0","3.0","1487445910820"
"1.0","2.0","3.0","1487445910830"
"1.0","2.0","3.0","1487445910840"
"1.0","2.0","3.0","1487445910851"
"1.0","2.0","3.0","1487445910861"
"1.0","2.0","3.0","1487445910871"
"1.0","2.0","3.0","1487445910883"
"1.0","2.0","3.0","1487445910893"
"1.0","2.0","3.0","1487445910904"
"1.0","2.0","3.0","1487445910915"
"1.0","2.0","3.0","1487445910925"
"1.0","2.0","3.0","1487445910935"
"1.0","2.0","3.0","1487445910945"
"1.0","2.0","3.0","1487445910956"
"1.0","2.0","3.0","1487445910966"
"1.0","2.0","3.0","1487445910976"
"1.0","2.0","3.0","1487445910986"
"1.0","2.0","3.0","1487445910997"
"1.0","2.0","3.0","1487445911008"
"1.0","2.0","3.0","1487445911018"
"1.0","2.0","3.0","1487445911028"
"1.0","2.0","3.0","1487445911038"
"1.0","2.0","3.0","1487445911049"
"1.0","2.0","3.0","1487445911060"
"1.0","2.0","3.0","1487445911070"
"1.0","2.0","3.0","1487445911080"
"1.0","2.0","3.0","1487445911090"
"1.0","2.0","3.0","1487445911100"
"1.0","2.0","3.0","1487445911111"
"1.0","2.0","3.0","1487445911121"
"1.0","2.0","3.0","1487445911131"
"1.0","2.0","3.0","1487445911141"
"1.0","2.0","3.0","1487445911151"
"1.0","2.0","3.0","1487445911161"
"1.0","2.0","3.0","1487445911172"
"1.0","2.0","3.0","1487445911182"
"1.0","2.0","3.0","1487445911192"
"1.0","2.0","3.0","1487445911203"
"1.0","2.0","3.0","1487445911213"
"1.0","2.0","3.0","1487445911223"
"1.0","2.0","3.0","1487445911233"
"1.0","2.0","3.0","1487445911243"
"1.0","2.0","3.0","1487445911254"
"1.0","2.0","3.0","1487445911265"
"1.0","2.0","3.0","1487445911275"
"1.0","2.0","3.0","1487445911285"
"1.0","2.0","3.0","1487445911295"
"1.0","2.0","3.0","1487445911306"
"1.0","2.0","3.0","1487445911316"
"1.0","2.0","3.0","1487445911327"
"1.0","2.0","3.0","1487445911337"
"1.0","2.0","3.0","1487445911348"
"1.0","2.0","3.0","1487445911359"
"1.0","2.0","3.0","1487445911369"
"1.0","2.0","3.0","1487445911379"
"1.0","2.0","3.0","1487445911389"
"1.0","2.0","3.0","1487445911400"
"1.0","2.0","3.0","1487445911410"
"1.0","2.0","3.0","1487445911420"
"1.0","2.0","3.0","1487445911430"
"1.0","2.0","3.0","1487445911441"
"1.0","2.0","3.0","1487445911451"
"1.0","2.0","3.0","1487445911461"
"1.0","2.0","3.0","1487445911471"
"1.0","2.0","3.0","1487445911481"
"1.0","2.0","3.0","1487445911491"
"1.0","2.0","3.0","1487445911501"
"1.0","2.0","3.0","1487445911512"
"1.0","2.0","3.0","1487445911522"
"1.0","2.0","3.0","1487445911533"
"1.0","2.0","3.0","1487445911543"
"1.0","2.0","3.0","1487445911553"
"1.0","2.0","3.0","1487445911564"
"1.0","2.0","3.0","1487445911574"
"1.0","2.0","3.0","1487445911585"
"1.0","2.0","3.0","1487445911595"
"1.0","2.0","3.0","1487445911605"
"1.0","2.0","3.0","1487445911615"
"1.0","2.0","3.0","1487445911626"
"1.0","2.0","3.0","1487445911636"
"1.0","2.0","3.0","1487445911647"
"1.0","2.0","3.0","1487445911657"
"1.0","2.0","3.0","1487445911667"
"1.0","2.0","3.0","1487445911677"
"1.0","2.0","3.0","1487445911688"
"1.0","2.0","3.0","1487445911698"
"1.0","2.0","3.0","1487445911708"
"1.0","2.0","3.0","1487445911719"
"1.0","2.0","3.0","1487445911730"
"1.0","2.0","3.0","1487445911740"
"1.0","2.0","3.0","1487445911750"
"1.0","2.0","3.0","1487445911761"
"1.0","2.0","3.0","1487445911771"
"1.0","2.0","3.0","1487445911781"
"1.0","2.0","3.0","1487445911792"
"1.0","2.0","3.0","1487445911802"
"1.0","2.0","3.0","1487445911812"
"1.0","2.0","3.0","1487445911822"
"1.0","2.0","3.0","1487445911832"
"1.0","2.0","3.0","1487445911843"
"1.0","2.0","3.0","1487445911853"
"1.0","2.0","3.0","1487445911864"
"1.0","2.0","3.0","1487445911874"
"1.0","2.0","3.0","1487445911885"
"1.0","2.0","3.0","1487445911895"
"1.0","2.0","3.0","1487445911905"
"1.0","2.0","3.0","1487445911915"
"1.0","2.0","3.0","1487445911925"
"1.0","2.0","3.0","1487445911935"
"1.0","2.0","3.0","1487445911945"
"1.0","2.0","3.0","1487445911956"
"1.0","2.0","3.0","1487445911966"
"1.0","2.0","3.0","1487445911976"
"1.0","2.0","3.0","1487445911986"
"1.0","2.0","3.0","1487445911997"
"1.0","2.0","3.0","1487445912008"
"1.0","2.0","3.0","1487445912018"
"1.0","2.0","3.0","1487445912028"
"1.0","2.0","3.0","1487445912038"
"1.0","2.0","3.0","1487445912048"
"1.0","2.0","3.0","1487445912059"
"1.0","2.0","3.0","1487445912069"
"1.0","2.0","3.0","1487445912080"
"1.0","2.0","3.0","1487445912091"
"1.0","2.0","3.0","1487445912102"
"1.0","2.0","3.0","1487445912113"
"1.0","2.0","3.0","1487445912124"
"1.0","2.0","3.0","1487445912134"
"1.0","2.0","3.0","1487445912144"
"1.0","2.0","3.0","1487445912154"
"1.0","2.0","3.0","1487445912164"
"1.0","2.0","3.0","1487445912174"
"1.0","2.0","3.0","1487445912184"
"1.0","2.0","3.0","1487445912194"
"1.0","2.0","3.0","1487445912204"
"1.0","2.0","3.0","1487445912214"
"1.0","2.0","3.0","1487445912224"
"1.0","2.0","3.0","1487445912235"
"1.0","2.0","3.0","1487445912245"
"1.0","2.0","3.0","1487445912255"
"1.0","2.0","3.0","1487445912265"
"1.0","2.0","3.0","1487445912275"
"1.0","2.0","3.0","1487445912286"
"1.0","2.0","3.0","1487445912296"
"1.0","2.0","3.0","1487445912306"
"1.0","2.0","3.0","1487445912316"
"1.0","2.0","3.0","1487445912326"
"1.0","2.0","3.0","1487445912336"
"1.0","2.0","3.0","1487445912347"
"1.0","2.0","3.0","1487445912357"
"1.0","2.0","3.0","1487445912368"
"1.0","2.0","3.0","1487445912378"
"1.0","2.0","3.0","1487445912388"
"1.0","2.0","3.0","1487445912398"
"1.0","2.0","3.0","1487445912409"
"1.0","2.0","3.0","1487445912419"
"1.0","2.0","3.0","1487445912430"
"1.0","2.0","3.0","1487445912440"
"1.0","2.0","3.0","1487445912450"
"1.0","2.0","3.0","1487445912461"
"1.0","2.0","3.0","1487445912471"
"1.0","2.0","3.0","1487445912481"
"1.0","2.0","3.0","1487445912491"
"1.0","2.0","3.0","1487445912502"
"1.0","2.0","3.0","1487445912512"
"1.0","2.0","3.0","1487445912523"
"1.0","2.0","3.0","1487445912533"
"1.0","2.0","3.0","1487445912543"
"1.0","2.0","3.0","1487445912553"
"1.0","2.0","3.0","1487445912564"
"1.0","2.0","3.0","1487445912574"
"1.0","2.0","3.0","1487445912584"
"1.0","2.0","3.0","1487445912594"
"1.0","2.0","3.0","1487445912604"
"1.0","2.0","3.0","1487445912614"
"1.0","2.0","3.0","1487445912625"
"1.0","2.0","3.0","1487445912635"
"1.0","2.0","3.0","1487445912645"
"1.0","2.0","3.0","1487445912655"
"1.0","2.0","3.0","1487445912666"
"1.0","2.0","3.0","1487445912676"
"1.0","2.0","3.0","1487445912686"
"1.0","2.0","3.0","1487445912697"
"1.0","2.0","3.0","1487445912708"
"1.0","2.0","3.0","1487445912718"
"1.0","2.0","3.0","1487445912728"
"1.0","2.0","3.0","1487445912739"
"1.0","2.0","3.0","1487445912750"
"1.0","2.0","3.0","1487445912760"
"1.0","2.0","3.0","1487445912770"
"1.0","2.0","3.0","1487445912780"
"1.0","2.0","3.0","1487445912791"
"1.0","2.0","3.0","1487445912802"
"1.0","2.0","3.0","1487445912812"
"1.0","2.0","3.0","1487445912822"
"1.0","2.0","3.0","1487445912833"
"1.0","2.0","3.0","1487445912843"
"1.0","2.0","3.0","1487445912853"
"1.0","2.0","3.0","1487445912863"
"1.0","2.0","3.0","1487445912873"
"1.0","2.0","3.0","1487445912883"
"1.0","2.0","3.0","1487445912894"
"1.0","2.0","3.0","1487445912905"
"1.0","2.0","3.0","1487445912915"
"1.0","2.0","3.0","1487445912925"
"1.0","2.0","3.0","1487445912935"
"1.0","2.0","3.0","1487445912945"
"1.0","2.0","3.0","1487445912956"
"1.0","2.0","3.0","1487445912966"
"1.0","2.0","3.0","1487445912976"
"1.0","2.0","3.0","1487445912986"
"1.0","2.0","3.0","1487445912996"
"1.0","2.0","3.0","1487445913006"
"1.0","2.0","3.0","1487445913017"
"1.0","2.0","3.0","1487445913027"
"1.0","2.0","3.0","1487445913038"
"1.0","2.0","3.0","1487445913048"
"1.0","2.0","3.0","1487445913058"
"1.0","2.0","3.0","1487445913068"
"1.0","2.0","3.0","1487445913079"
"1.0","2.0","3.0","1487445913089"
"1.0","2.0","3.0","1487445913099"
"1.0","2.0","3.0","1487445913109"
"1.0","2.0","3.0","1487445913120"
"1.0","2.0","3.0","1487445913130"
"1.0","2.0","3.0","1487445913141"
"1.0","2.0","3.0","1487445913151"
"1.0","2.0","3.0","1487445913162"
"1.0","2.0","3.0","1487445913172"
"1.0","2.0","3.0","1487445913183"
"1.0","2.0","3.0","1487445913193"
"1.0","2.0","3.0","1487445913204"
"1.0","2.0","3.0","1487445913214"
"1.0","2.0","3.0","1487445913224"
"1.0","2.0","3.0","1487445913235"
"1.0","2.0","3.0","1487445913245"
"1.0","2.0","3.0","1487445913255"
"1.0","2.0","3.0","1487445913265"
"1.0","2.0","3.0","1487445913275"
"1.0","2.0","3.0","1487445913285"
"1.0","2.0","3.0","1487445913296"
"1.0","2.0","3.0","1487445913307"
"1.0","2.0","3.0","1487445913317"
"1.0","2.0","3.0","1487445913327"
"1.0","2.0","3.0","1487445913337"
"1.0","2.0","3.0","1487445913348"
"1.0","2.0","3.0","1487445913358"
"1.0","2.0","3.0","1487445913368"
"1.0","2.0","3.0","1487445913379"
"1.0","2.0","3.0","1487445913389"
"1.0","2.0","3.0","1487445913399"
"1.0","2.0","3.0","1487445913409"
"1.0","2.0","3.0","1487445913420"
"1.0","2.0","3.0","1487445913430"
"1.0","2.0","3.0","1487445913440"
"1.0","2.0","3.0","1487445913450"
"1.0","2.0","3.0","1487445913460"
"1.0","2.0","3.0","1487445913471"
"1.0","2.0","3.0","1487445913481"
"1.0","2.0","3.0","1487445913491"
"1.0","2.0","3.0","1487445913501"
"1.0","2.0","3.0","1487445913511"
"1.0","2.0","3.0","1487445913522"
"1.0","2.0","3.0","1487445913532"
"1.0","2.0","3.0","1487445913542"
"1.0","2.0","3.0","1487445913553"
"1.0","2.0","3.0","1487445913563"
"1.0","2.0","3.0","1487445913573"
"1.0","2.0","3.0","1487445913584"
"1.0","2.0","3.0","1487445913595"
"1.0","2.0","3.0","1487445913605"
"1.0","2.0","3.0","1487445913615"
"1.0","2.0","3.0","1487445913626"
"1.0","2.0","3.0","1487445913636"
"1.0","2.0","3.0","1487445913647"
"1.0","2.0","3.0","1487445913657"
"1.0","2.0","3.0","1487445913667"
"1.0","2.0","3.0","1487445913677"
"1.0","2.0","3.0","1487445913688"
"1.0","2.0","3.0","1487445913698"
"1.0","2.0","3.0","1487445913708"
"1.0","2.0","3.0","1487445913719"
"1.0","2.0","3.0","1487445913730"
"1.0","2.0","3.0","1487445913740"
"1.0","2.0","3.0","1487445913750"
"1.0","2.0","3.0","1487445913760"
"1.0","2.0","3.0","1487445913770"
"1.0","2.0","3.0","1487445913780"
"1.0","2.0","3.0","1487445913790"
"1.0","2.0","3.0","1487445913800"
"1.0","2.0","3.0","1487445913811"
"1.0","2.0","3.0","1487445913821"
"1.0","2.0","3.0","1487445913831"
"1.0","2.0","3.0","1487445913841"
"1.0","2.0","3.0","1487445913851"
"1.0","2.0","3.0","1487445913861"
"1.0","2.0","3.0","1487445913871"
"1.0","2.0","3.0","1487445913882"
"1.0","2.0","3.0","1487445913892"
"1.0","2.0","3.0","1487445913903"
"1.0","2.0","3.0","1487445913913"
"1.0","2.0","3.0","1487445913923"
"1.0","2.0","3.0","1487445913933"
"1.0","2.0","3.0","1487445913943"
"1.0","2.0","3.0","1487445913953"
"1.0","2.0","3.0","1487445913963"
"1.0","2.0","3.0","1487445913974"
"1.0","2.0","3.0","1487445913984"
"1.0","2.0","3.0","1487445913994"
"1.0","2.0","3.0","1487445914004"
"1.0","2.0","3.0","1487445914014"
"1.0","2.0","3.0","1487445914025"
"1.0","2.0","3.0","1487445914036"
"1.0","2.0","3.0","1487445914047"
"1.0","2.0","3.0","1487445914057"
"1.0","2.0","3.0","1487445914067"
"1.0","2.0","3.0","1487445914078"
"1.0","2.0","3.0","1487445914088"
"1.0","2.0","3.0","1487445914099"
"1.0","2.0","3.0","1487445914109"
"1.0","2.0","3.0","1487445914119"
"1.0","2.0","3.0","1487445914129"
"1.0","2.0","3.0","1487445914139"
"1.0","2.0","3.0","1487445914149"
"1.0","2.0","3.0","1487445914160"
"1.0","2.0","3.0","1487445914171"
"1.0","2.0","3.0","1487445914181"
"1.0","2.0","3.0","1487445914192"
"1.0","2.0","3.0","1487445914202"
"1.0","2.0","3.0","1487445914212"
"1.0","2.0","3.0","1487445914222"
"1.0","2.0","3.0","1487445914232"
"1.0","2.0","3.0","1487445914242"
"1.0","2.0","3.0","1487445914253"
"1.0","2.0","3.0","1487445914263"
"1.0","2.0","3.0","1487445914273"
"1.0","2.0","3.0","1487445914283"
"1.0","2.0","3.0","1487445914294"
"1.0","2.0","3.0","1487445914304"
"1.0","2.0","3.0","1487445914314"
"1.0","2.0","3.0","1487445914324"
"1.0","2.0","3.0","1487445914334"
"1.0","2.0","3.0","1487445914344"
"1.0","2.0","3.0","1487445914354"
"1.0","2.0","3.0","1487445914364"
"1.0","2.0","3.0","1487445914375"
"1.0","2.0","3.0","1487445914385"
"1.0","2.0","3.0","1487445914395"
"1.0","2.0","3.0","1487445914405"
"1.0","2.0","3.0","1487445914416"
"1.0","2.0","3.0","1487445914426"
"1.0","2.0","3.0","1487445914436"
"1.0","2.0","3.0","1487445914446"
"1.0","2.0","3.0","1487445914457"
"1.0","2.0","3.0","1487445914467"
"1.0","2.0","3.0","1487445914477"
"1.0","2.0","3.0","1487445914488"
"1.0","2.0","3.0","1487445914498"
"1.0","2.0","3.0","1487445914508"
"1.0","2.0","3.0","1487445914518"
"1.0","2.0","3.0","1487445914529"
"1.0","2.0","3.0","1487445914539"
"1.0","2.0","3.0","1487445914549"
"1.0","2.0","3.0","1487445914559"
"1.0","2.0","3.0","1487445914569"
"1.0","2.0","3.0","1487445914579"
"1.0","2.0","3.0","1487445914590"
"1.0","2.0","3.0","1487445914601"
"1.0","2.0","3.0","1487445914611"
"1.0","2.0","3.0","1487445914622"
"1.0","2.0","3.0","1487445914632"
"1.0","2.0","3.0","1487445914642"
"1.0","2.0","3.0","1487445914652"
"1.0","2.0","3.0","1487445914663"
"1.0","2.0","3.0","1487445914673"
"1.0","2.0","3.0","1487445914683"
"1.0","2.0","3.0","1487445914693"
"1.0","2.0","3.0","1487445914703"
"1.0","2.0","3.0","1487445914713"
"1.0","2.0","3.0","1487445914723"
"1.0","2.0","3.0","1487445914733"
"1.0","2.0","3.0","1487445914743"
"1.0","2.0","3.0","1487445914753"
"1.0","2.0","3.0","1487445914764"
"1.0","2.0","3.0","1487445914774"
"1.0","2.0","3.0","1487445914784"
"1.0","2.0","3.0","1487445914794"
"1.0","2.0","3.0","1487445914804"
"1.0","2.0","3.0","1487445914814"
"1.0","2.0","3.0","1487445914825"
"1.0","2.0","3.0","1487445914835"
"1.0","2.0","3.0","1487445914846"
"1.0","2.0","3.0","1487445914856"
"1.0","2.0","3.0","1487445914866"
"1.0","2.0","3.0","1487445914876"
"1.0","2.0","3.0","1487445914886"
"1.0","2.0","3.0","1487445914896"
"1.0","2.0","3.0","1487445914906"
"1.0","2.0","3.0","1487445914916"
"1.0","2.0","3.0","1487445914927"
"1.0","2.0","3.0","1487445914937"
"1.0","2.0","3.0","1487445914947"
"1.0","2.0","3.0","1487445914957"
"1.0","2.0","3.0","1487445914967"
"1.0","2.0","3.0","1487445914977"
"1.0","2.0","3.0","1487445914988"
"1.0","2.0","3.0","1487445914998"
"1.0","2.0","3.0","1487445915008"
"1.0","2.0","3.0","1487445915019"
"1.0","2.0","3.0","1487445915030"
"1.0","2.0","3.0","1487445915040"
"1.0","2.0","3.0","1487445915051"
"1.0","2.0","3.0","1487445915061"
"1.0","2.0","3.0","1487445915071"
"1.0","2.0","3.0","1487445915082"
"1.0","2.0","3.0","1487445915092"
"1.0","2.0","3.0","1487445915102"
"1.0","2.0","3.0","1487445915112"
"1.0","2.0","3.0","1487445915122"
"1.0","2.0","3.0","1487445915133"
"1.0","2.0","3.0","1487445915143"
"1.0","2.0","3.0","1487445915154"
"1.0","2.0","3.0","1487445915164"
"1.0","2.0","3.0","1487445915174"
"1.0","2.0","3.0","1487445915184"
"1.0","2.0","3.0","1487445915194"
"1.0","2.0","3.0","1487445915204"
"1.0","2.0","3.0","1487445915215"
"1.0","2.0","3.0","1487445915225"
"1.0","2.0","3.0","1487445915235"
"1.0","2.0","3.0","1487445915245"
"1.0","2.0","3.0","1487445915255"
"1.0","2.0","3.0","1487445915266"
"1.0","2.0","3.0","1487445915276"
"1.0","2.0","3.0","1487445915286"
"1.0","2.0","3.0","1487445915296"
"1.0","2.0","3.0","1487445915306"
"1.0","2.0","3.0","1487445915316"
"1.0","2.0","3.0","1487445915326"
"1.0","2.0","3.0","1487445915337"
"1.0","2.0","3.0","1487445915347"
"1.0","2.0","3.0","1487445915358"
"1.0","2.0","3.0","1487445915368"
"1.0","2.0","3.0","1487445915379"
"1.0","2.0","3.0","1487445915389"
"1.0","2.0","3.0","1487445915399"
"1.0","2.0","3.0","1487445915409"
"1.0","2.0","3.0","1487445915419"
"1.0","2.0","3.0","1487445915430"
"1.0","2.0","3.0","1487445915440"
"1.0","2.0","3.0","1487445915450"
"1.0","2.0","3.0","1487445915460"
"1.0","2.0","3.0","1487445915470"
"1.0","2.0","3.0","1487445915480"
"1.0","2.0","3.0","1487445915490"
"1.0","2.0","3.0","1487445915501"
"1.0","2.0","3.0","1487445915511"
"1.0","2.0","3.0","1487445915521"
"1.0","2.0","3.0","1487445915531"
"1.0","2.0","3.0","1487445915541"
"1.0","2.0","3.0","1487445915551"
"1.0","2.0","3.0","1487445915562"
"1.0","2.0","3.0","1487445915572"
"1.0","2.0","3.0","1487445915582"
"1.0","2.0","3.0","1487445915592"
"1.0","2.0","3.0","1487445915602"
"1.0","2.0","3.0","1487445915612"
"1.0","2.0","3.0","1487445915623"
"1.0","2.0","3.0","1487445915633"
"1.0","2.0","3.0","1487445915643"
"1.0","2.0","3.0","1487445915653"
"1.0","2.0","3.0","1487445915664"
"1.0","2.0","3.0","1487445915674"
"1.0","2.0","3.0","1487445915684"
"1.0","2.0","3.0","1487445915695"
"1.0","2.0","3.0","1487445915705"
"1.0","2.0","3.0","1487445915715"
"1.0","2.0","3.0","1487445915725"
"1.0","2.0","3.0","1487445915736"
"1.0","2.0","3.0","1487445915746"
"1.0","2.0","3.0","1487445915756"
"1.0","2.0","3.0","1487445915766"
"1.0","2.0","3.0","1487445915777"
"1.0","2.0","3.0","1487445915788"
"1.0","2.0","3.0","1487445915798"
"1.0","2.0","3.0","1487445915809"
"1.0","2.0","3.0","1487445915819"
"1.0","2.0","3.0","1487445915830"
"1.0","2.0","3.0","1487445915840"
"1.0","2.0","3.0","1487445915850"
"1.0","2.0","3.0","1487445915861"
"1.0","2.0","3.0","1487445915871"
"1.0","2.0","3.0","1487445915881"
"1.0","2.0","3.0","1487445915891"
"1.0","2.0","3.0","1487445915901"
"1.0","2.0","3.0","1487445915912"
"1.0","2.0","3.0","1487445915922"
"1.0","2.0","3.0","1487445915933"
"1.0","2.0","3.0","1487445915944"
"1.0","2.0","3.0","1487445915954"
"1.0","2.0","3.0","1487445915965"
"1.0","2.0","3.0","1487445915975"
"1.0","2.0","3.0","1487445915986"
"1.0","2.0","3.0","1487445915996"
"1.0","2.0","3.0","1487445916007"
"1.0","2.0","3.0","1487445916017"
"1.0","2.0","3.0","1487445916027"
"1.0","2.0","3.0","1487445916037"
"1.0","2.0","3.0","1487445916048"
"1.0","2.0","3.0","1487445916058"
"1.0","2.0","3.0","1487445916068"
"1.0","2.0","3.0","1487445916078"
"1.0","2.0","3.0","1487445916089"
"1.0","2.0","3.0","1487445916099"
"1.0","2.0","3.0","1487445916109"
"1.0","2.0","3.0","1487445916119"
"1.0","2.0","3.0","1487445916129"
"1.0","2.0","3.0","1487445916139"
"1.0","2.0","3.0","1487445916149"
"1.0","2.0","3.0","1487445916160"
"1.0","2.0","3.0","1487445916170"
"1.0","2.0","3.0","1487445916181"
"1.0","2.0","3.0","1487445916191"
"1.0","2.0","3.0","1487445916201"
"1.0","2.0","3.0","1487445916212"
"1.0","2.0","3.0","1487445916222"
"1.0","2.0","3.0","1487445916232"
"1.0","2.0","3.0","1487445916243"
"1.0","2.0","3.0","1487445916253"
"1.0","2.0","3.0","1487445916263"
"1.0","2.0","3.0","1487445916273"
"1.0","2.0","3.0","1487445916283"
"1.0","2.0","3.0","1487445916294"
"1.0","2.0","3.0","1487445916304"
"1.0","2.0","3.0","1487445916314"
"1.0","2.0","3.0","1487445916325"
"1.0","2.0","3.0","1487445916335"
"1.0","2.0","3.0","1487445916345"
"1.0","2.0","3.0","1487445916355"
"1.0","2.0","3.0","1487445916365"
"1.0","2.0","3.0","1487445916375"
"1.0","2.0","3.0","1487445916385"
"1.0","2.0","3.0","1487445916395"
"1.0","2.0","3.0","1487445916405"
"1.0","2.0","3.0","1487445916416"
"1.0","2.0","3.0","1487445916426"
"1.0","2.0","3.0","1487445916436"
"1.0","2.0","3.0","1487445916447"
"1.0","2.0","3.0","1487445916458"
"1.0","2.0","3.0","1487445916468"
"1.0","2.0","3.0","1487445916478"
"1.0","2.0","3.0","1487445916488"
"1.0","2.0","3.0","1487445916499"
"1.0","2.0","3.0","1487445916510"
"1.0","2.0","3.0","1487445916520"
"1.0","2.0","3.0","1487445916531"
"1.0","2.0","3.0","1487445916541"
"1.0","2.0","3.0","1487445916551"
"1.0","2.0","3.0","1487445916562"
"1.0","2.0","3.0","1487445916572"
"1.0","2.0","3.0","1487445916582"
"1.0","2.0","3.0","1487445916592"
"1.0","2.0","3.0","1487445916602"
"1.0","2.0","3.0","1487445916613"
"1.0","2.0","3.0","1487445916623"
"1.0","2.0","3.0","1487445916634"
"1.0","2.0","3.0","1487445916644"
"1.0","2.0","3.0","1487445916655"
"1.0","2.0","3.0","1487445916666"
"1.0","2.0","3.0","1487445916677"
"1.0","2.0","3.0","1487445916687"
"1.0","2.0","3.0","1487445916697"
"1.0","2.0","3.0","1487445916708"
"1.0","2.0","3.0","1487445916718"
"1.0","2.0","3.0","1487445916728"
"1.0","2.0","3.0","1487445916738"
"1.0","2.0","3.0","1487445916749"
"1.0","2.0","3.0","1487445916759"
"1.0","2.0","3.0","1487445916769"
"1.0","2.0","3.0","1487445916779"
"1.0","2.0","3.0","1487445916789"
"1.0","2.0","3.0","1487445916799"
"1.0","2.0","3.0","1487445916810"
"1.0","2.0","3.0","1487445916820"
"1.0","2.0","3.0","1487445916830"
"1.0","2.0","3.0","1487445916840"
"1.0","2.0","3.0","1487445916851"
"1.0","2.0","3.0","1487445916861"
"1.0","2.0","3.0","1487445916871"
"1.0","2.0","3.0","1487445916881"
"1.0","2.0","3.0","1487445916891"
"1.0","2.0","3.0","1487445916902"
"1.0","2.0","3.0","1487445916912"
"1.0","2.0","3.0","1487445916923"
"1.0","2.0","3.0","1487445916933"
"1.0","2.0","3.0","1487445916943"
"1.0","2.0","3.0","1487445916954"
"1.0","2.0","3.0","1487445916965"
"1.0","2.0","3.0","1487445916976"
"1.0","2.0","3.0","1487445916987"
"1.0","2.0","3.0","1487445916997"
"1.0","2.0","3.0","1487445917008"
"1.0","2.0","3.0","1487445917018"
"1.0","2.0","3.0","1487445917028"
"1.0","2.0","3.0","1487445917038"
"1.0","2.0","3.0","1487445917049"
"1.0","2.0","3.0","1487445917059"
"1.0","2.0","3.0","1487445917069"
"1.0","2.0","3.0","1487445917080"
"1.0","2.0","3.0","1487445917090"
"1.0","2.0","3.0","1487445917100"
"1.0","2.0","3.0","1487445917110"
"1.0","2.0","3.0","1487445917121"
"1.0","2.0","3.0","1487445917132"
"1.0","2.0","3.0","1487445917142"
"1.0","2.0","3.0","1487445917152"
"1.0","2.0","3.0","1487445917163"
"1.0","2.0","3.0","1487445917173"
"1.0","2.0","3.0","1487445917183"
"1.0","2.0","3.0","1487445917194"
"1.0","2.0","3.0","1487445917204"
"1.0","2.0","3.0","1487445917214"
"1.0","2.0","3.0","1487445917225"
"1.0","2.0","3.0","1487445917235"
"1.0","2.0","3.0","1487445917245"
"1.0","2.0","3.0","1487445917255"
"1.0","2.0","3.0","1487445917266"
"1.0","2.0","3.0","1487445917276"
"1.0","2.0","3.0","1487445917286"
"1.0","2.0","3.0","1487445917296"
"1.0","2.0","3.0","1487445917306"
"1.0","2.0","3.0","1487445917316"
"1.0","2.0","3.0","1487445917327"
"1.0","2.0","3.0","1487445917337"
"1.0","2.0","3.0","1487445917347"
"1.0","2.0","3.0","1487445917357"
"1.0","2.0","3.0","1487445917368"
"1.0","2.0","3.0","1487445917378"
"1.0","2.0","3.0","1487445917388"
"1.0","2.0","3.0","1487445917399"
"1.0","2.0","3.0","1487445917409"
"1.0","2.0","3.0","1487445917419"
"1.0","2.0","3.0","1487445917429"
"1.0","2.0","3.0","1487445917440"
"1.0","2.0","3.0","1487445917450"
"1.0","2.0","3.0","1487445917461"
"1.0","2.0","3.0","1487445917471"
"1.0","2.0","3.0","1487445917482"
"1.0","2.0","3.0","1487445917492"
"1.0","2.0","3.0","1487445917503"
"1.0","2.0","3.0","1487445917513"
"1.0","2.0","3.0","1487445917523"
"1.0","2.0","3.0","1487445917533"
"1.0","2.0","3.0","1487445917543"
"1.0","2.0","3.0","1487445917553"
"1.0","2.0","3.0","1487445917563"
"1.0","2.0","3.0","1487445917573"
"1.0","2.0","3.0","1487445917583"
"1.0","2.0","3.0","1487445917593"
"1.0","2.0","3.0","1487445917603"
"1.0","2.0","3.0","1487445917614"
"1.0","2.0","3.0","1487445917625"
"1.0","2.0","3.0","1487445917636"
"1.0","2.0","3.0","1487445917646"
"1.0","2.0","3.0","1487445917656"
"1.0","2.0","3.0","1487445917667"
"1.0","2.0","3.0","1487445917677"
"1.0","2.0","3.0","1487445917688"
"1.0","2.0","3.0","1487445917698"
"1.0","2.0","3.0","1487445917708"
"1.0","2.0","3.0","1487445917719"
"1.0","2.0","3.0","1487445917729"
"1.0","2.0","3.0","1487445917739"
"1.0","2.0","3.0","1487445917750"
"1.0","2.0","3.0","1487445917760"
"1.0","2.0","3.0","1487445917771"
"1.0","2.0","3.0","1487445917781"
"1.0","2.0","3.0","1487445917791"
"1.0","2.0","3.0","1487445917802"
"1.0","2.0","3.0","1487445917812"
"1.0","2.0","3.0","1487445917823"
"1.0","2.0","3.0","1487445917833"
"1.0","2.0","3.0","1487445917843"
"1.0","2.0","3.0","1487445917853"
"1.0","2.0","3.0","1487445917864"
"1.0","2.0","3.0","1487445917874"
"1.0","2.0","3.0","1487445917885"
"1.0","2.0","3.0","1487445917895"
"1.0","2.0","3.0","1487445917905"
"1.0","2.0","3.0","1487445917916"
"1.0","2.0","3.0","1487445917926"
"1.0","2.0","3.0","1487445917936"
"1.0","2.0","3.0","1487445917946"
"1.0","2.0","3.0","1487445917956"
"1.0","2.0","3.0","1487445917966"
"1.0","2.0","3.0","1487445917976"
"1.0","2.0","3.0","1487445917986"
"1.0","2.0","3.0","1487445917996"
"1.0","2.0","3.0","1487445918006"
"1.0","2.0","3.0","1487445918017"
"1.0","2.0","3.0","1487445918028"
"1.0","2.0","3.0","1487445918038"
"1.0","2.0","3.0","1487445918048"
"1.0","2.0","3.0","1487445918059"
"1.0","2.0","3.0","1487445918069"
"1.0","2.0","3.0","1487445918079"
"1.0","2.0","3.0","1487445918089"
"1.0","2.0","3.0","1487445918099"
"1.0","2.0","3.0","1487445918110"
"1.0","2.0","3.0","1487445918120"
"1.0","2.0","3.0","1487445918131"
"1.0","2.0","3.0","1487445918141"
"1.0","2.0","3.0","1487445918152"
"1.0","2.0","3.0","1487445918162"
"1.0","2.0","3.0","1487445918172"
"1.0","2.0","3.0","1487445918182"
"1.0","2.0","3.0","1487445918193"
"1.0","2.0","3.0","1487445918203"
"1.0","2.0","3.0","1487445918213"
"1.0","2.0","3.0","1487445918223"
"1.0","2.0","3.0","1487445918233"
"1.0","2.0","3.0","1487445918244"
"1.0","2.0","3.0","1487445918254"
"1.0","2.0","3.0","1487445918264"
"1.0","2.0","3.0","1487445918274"
"1.0","2.0","3.0","1487445918285"
"1.0","2.0","3.0","1487445918296"
"1.0","2.0","3.0","1487445918306"
"1.0","2.0","3.0","1487445918316"
"1.0","2.0","3.0","1487445918327"
"1.0","2.0","3.0","1487445918337"
"1.0","2.0","3.0","1487445918347"
"1.0","2.0","3.0","1487445918358"
"1.0","2.0","3.0","1487445918368"
"1.0","2.0","3.0","1487445918378"
"1.0","2.0","3.0","1487445918388"
"1.0","2.0","3.0","1487445918399"
"1.0","2.0","3.0","1487445918409"
"1.0","2.0","3.0","1487445918420"
"1.0","2.0","3.0","1487445918430"
"1.0","2.0","3.0","1487445918440"
"1.0","2.0","3.0","1487445918450"
"1.0","2.0","3.0","1487445918460"
"1.0","2.0","3.0","1487445918470"
"1.0","2.0","3.0","1487445918480"
"1.0","2.0","3.0","1487445918490"
"1.0","2.0","3.0","1487445918500"
"1.0","2.0","3.0","1487445918510"
"1.0","2.0","3.0","1487445918520"
"1.0","2.0","3.0","1487445918531"
"1.0","2.0","3.0","1487445918541"
"1.0","2.0","3.0","1487445918552"
"1.0","2.0","3.0","1487445918563"
"1.0","2.0","3.0","1487445918573"
"1.0","2.0","3.0","1487445918583"
"1.0","2.0","3.0","1487445918593"
"1.0","2.0","3.0","1487445918603"
"1.0","2.0","3.0","1487445918613"
"1.0","2.0","3.0","1487445918623"
"1.0","2.0","3.0","1487445918633"
"1.0","2.0","3.0","1487445918643"
"1.0","2.0","3.0","1487445918654"
"1.0","2.0","3.0","1487445918664"
"1.0","2.0","3.0","1487445918675"
"1.0","2.0","3.0","1487445918685"
"1.0","2.0","3.0","1487445918695"
"1.0","2.0","3.0","1487445918706"
"1.0","2.0","3.0","1487445918716"
"1.0","2.0","3.0","1487445918726"
"1.0","2.0","3.0","1487445918736"
"1.0","2.0","3.0","1487445918746"
"1.0","2.0","3.0","1487445918757"
"1.0","2.0","3.0","1487445918767"
"1.0","2.0","3.0","1487445918778"
"1.0","2.0","3.0","1487445918789"
"1.0","2.0","3.0","1487445918799"
"1.0","2.0","3.0","1487445918809"
"1.0","2.0","3.0","1487445918820"
"1.0","2.0","3.0","1487445918830"
"1.0","2.0","3.0","1487445918840"
"1.0","2.0","3.0","1487445918850"
"1.0","2.0","3.0","1487445918860"
"1.0","2.0","3.0","1487445918870"
"1.0","2.0","3.0","1487445918880"
"1.0","2.0","3.0","1487445918890"
"1.0","2.0","3.0","1487445918901"
"1.0","2.0","3.0","1487445918912"
"1.0","2.0","3.0","1487445918922"
"1.0","2.0","3.0","1487445918932"
"1.0","2.0","3.0","1487445918942"
"1.0","2.0","3.0","1487445918953"
"1.0","2.0","3.0","1487445918964"
"1.0","2.0","3.0","1487445918974"
"1.0","2.0","3.0","1487445918984"
"1.0","2.0","3.0","1487445918994"
"1.0","2.0","3.0","1487445919004"
"1.0","2.0","3.0","1487445919015"
"1.0","2.0","3.0","1487445919025"
"1.0","2.0","3.0","1487445919035"
"1.0","2.0","3.0","1487445919045"
"1.0","2.0","3.0","1487445919055"
"1.0","2.0","3.0","1487445919066"
"1.0","2.0","3.0","1487445919076"
"1.0","2.0","3.0","1487445919086"
"1.0","2.0","3.0","1487445919096"
"1.0","2.0","3.0","1487445919106"
"1.0","2.0","3.0","1487445919116"
"1.0","2.0","3.0","1487445919126"
"1.0","2.0","3.0","1487445919136"
"1.0","2.0","3.0","1487445919146"
"1.0","2.0","3.0","1487445919157"
"1.0","2.0","3.0","1487445919167"
"1.0","2.0","3.0","1487445919177"
"1.0","2.0","3.0","1487445919187"
"1.0","2.0","3.0","1487445919197"
"1.0","2.0","3.0","1487445919208"
"1.0","2.0","3.0","1487445919218"
"1.0","2.0","3.0","1487445919228"
"1.0","2.0","3.0","1487445919238"
"1.0","2.0","3.0","1487445919248"
"1.0","2.0","3.0","1487445919259"
"1.0","2.0","3.0","1487445919269"
"1.0","2.0","3.0","1487445919279"
"1.0","2.0","3.0","1487445919290"
"1.0","2.0","3.0","1487445919300"
"1.0","2.0","3.0","1487445919310"
"1.0","2.0","3.0","1487445919320"
"1.0","2.0","3.0","1487445919330"
"1.0","2.0","3.0","1487445919340"
"1.0","2.0","3.0","1487445919350"
"1.0","2.0","3.0","1487445919361"
"1.0","2.0","3.0","1487445919371"
"1.0","2.0","3.0","1487445919381"
"1.0","2.0","3.0","1487445919391"
"1.0","2.0","3.0","1487445919401"
"1.0","2.0","3.0","1487445919411"
"1.0","2.0","3.0","1487445919421"
"1.0","2.0","3.0","1487445919431"
"1.0","2.0","3.0","1487445919441"
"1.0","2.0","3.0","1487445919451"
"1.0","2.0","3.0","1487445919461"
"1.0","2.0","3.0","1487445919471"
"1.0","2.0","3.0","1487445919481"
"1.0","2.0","3.0","1487445919491"
"1.0","2.0","3.0","1487445919501"
"1.0","2.0","3.0","1487445919511"
"1.0","2.0","3.0","1487445919522"
"1.0","2.0","3.0","1487445919532"
"1.0","2.0","3.0","1487445919542"
"1.0","2.0","3.0","1487445919552"
"1.0","2.0","3.0","1487445919563"
"1.0","2.0","3.0","1487445919574"
"1.0","2.0","3.0","1487445919584"
"1.0","2.0","3.0","1487445919594"
"1.0","2.0","3.0","1487445919604"
"1.0","2.0","3.0","1487445919614"
"1.0","2.0","3.0","1487445919624"
"1.0","2.0","3.0","1487445919634"
"1.0","2.0","3.0","1487445919644"
"1.0","2.0","3.0","1487445919654"
"1.0","2.0","3.0","1487445919665"
"1.0","2.0","3.0","1487445919675"
"1.0","2.0","3.0","1487445919685"
"1.0","2.0","3.0","1487445919695"
"1.0","2.0","3.0","1487445919705"
"1.0","2.0","3.0","1487445919715"
"1.0","2.0","3.0","1487445919726"
"1.0","2.0","3.0","1487445919737"
"1.0","2.0","3.0","1487445919748"
"1.0","2.0","3.0","1487445919758"
"1.0","2.0","3.0","1487445919768"
"1.0","2.0","3.0","1487445919779"
"1.0","2.0","3.0","1487445919789"
"1.0","2.0","3.0","1487445919799"
"1.0","2.0","3.0","1487445919809"
"1.0","2.0","3.0","1487445919819"
"1.0","2.0","3.0","1487445919830"
"1.0","2.0","3.0","1487445919840"
"1.0","2.0","3.0","1487445919850"
"1.0","2.0","3.0","1487445919861"
"1.0","2.0","3.0","1487445919871"
"1.0","2.0","3.0","1487445919881"
"1.0","2.0","3.0","1487445919891"
"1.0","2.0","3.0","1487445919901"
"1.0","2.0","3.0","1487445919911"
"1.0","2.0","3.0","1487445919921"
"1.0","2.0","3.0","1487445919931"
"1.0","2.0","3.0","1487445919941"
"1.0","2.0","3.0","1487445919952"
"1.0","2.0","3.0","1487445919962"
"1.0","2.0","3.0","1487445919972"
"1.0","2.0","3.0","1487445919982"
"1.0","2.0","3.0","1487445919992"
"1.0","2.0","3.0","1487445920002"
"1.0","2.0","3.0","1487445920012"
"1.0","2.0","3.0","1487445920022"
"1.0","2.0","3.0","1487445920032"
"1.0","2.0","3.0","1487445920042"
"1.0","2.0","3.0","1487445920052"
"1.0","2.0","3.0","1487445920062"
"1.0","2.0","3.0","1487445920073"
"1.0","2.0","3.0","1487445920083"
"1.0","2.0","3.0","1487445920093"
"1.0","2.0","3.0","1487445920103"
"1.0","2.0","3.0","1487445920113"
"1.0","2.0","3.0","1487445920124"
"1.0","2.0","3.0","1487445920134"
"1.0","2.0","3.0","1487445920144"
"1.0","2.0","3.0","1487445920154"
"1.0","2.0","3.0","1487445920164"
"1.0","2.0","3.0","1487445920174"
"1.0","2.0","3.0","1487445920184"
"1.0","2.0","3.0","1487445920194"
"1.0","2.0","3.0","1487445920204"
"1.0","2.0","3.0","1487445920214"
"1.0","2.0","3.0","1487445920224"
"1.0","2.0","3.0","1487445920234"
"1.0","2.0","3.0","1487445920245"
"1.0","2.0","3.0","1487445920255"
"1.0","2.0","3.0","1487445920265"
"1.0","2.0","3.0","1487445920275"
"1.0","2.0","3.0","1487445920286"
"1.0","2.0","3.0","1487445920296"
"1.0","2.0","3.0","1487445920306"
"1.0","2.0","3.0","1487445920316"
"1.0","2.0","3.0","1487445920326"
"1.0","2.0","3.0","1487445920337"
"1.0","2.0","3.0","1487445920348"
"1.0","2.0","3.0","1487445920358"
"1.0","2.0","3.0","1487445920369"
"1.0","2.0","3.0","1487445920379"
"1.0","2.0","3.0","1487445920389"
"1.0","2.0","3.0","1487445920400"
"1.0","2.0","3.0","1487445920410"
"1.0","2.0","3.0","1487445920420"
"1.0","2.0","3.0","1487445920431"
"1.0","2.0","3.0","1487445920441"
"1.0","2.0","3.0","1487445920451"
"1.0","2.0","3.0","1487445920461"
"1.0","2.0","3.0","1487445920471"
"1.0","2.0","3.0","1487445920482"
"1.0","2.0","3.0","1487445920492"
"1.0","2.0","3.0","1487445920503"
"1.0","2.0","3.0","1487445920513"
"1.0","2.0","3.0","1487445920523"
"1.0","2.0","3.0","1487445920533"
"1.0","2.0","3.0","1487445920543"
"1.0","2.0","3.0","1487445920553"
"1.0","2.0","3.0","1487445920563"
"1.0","2.0","3.0","1487445920573"
"1.0","2.0","3.0","1487445920584"
"1.0","2.0","3.0","1487445920594"
"1.0","2.0","3.0","1487445920604"
"1.0","2.0","3.0","1487445920614"
"1.0","2.0","3.0","1487445920624"
"1.0","2.0","3.0","1487445920634"
"1.0","2.0","3.0","1487445920644"
"1.0","2.0","3.0","1487445920654"
"1.0","2.0","3.0","1487445920665"
"1.0","2.0","3.0","1487445920675"
"1.0","2.0","3.0","1487445920685"
"1.0","2.0","3.0","1487445920695"
"1.0","2.0","3.0","1487445920705"
"1.0","2.0","3.0","1487445920715"
"1.0","2.0","3.0","1487445920725"
"1.0","2.0","3.0","1487445920735"
"1.0","2.0","3.0","1487445920745"
"1.0","2.0","3.0","1487445920755"
"1.0","2.0","3.0","1487445920765"
"1.0","2.0","3.0","1487445920776"
"1.0","2.0","3.0","1487445920786"
"1.0","2.0","3.0","1487445920796"
"1.0","2.0","3.0","1487445920806"
"1.0","2.0","3.0","1487445920816"
"1.0","2.0","3.0","1487445920826"
"1.0","2.0","3.0","1487445920837"
"1.0","2.0","3.0","1487445920847"
"1.0","2.0","3.0","1487445920858"
"1.0","2.0","3.0","1487445920868"
"1.0","2.0","3.0","1487445920878"
"1.0","2.0","3.0","1487445920888"
"1.0","2.0","3.0","1487445920898"
"1.0","2.0","3.0","1487445920909"
"1.0","2.0","3.0","1487445920919"
"1.0","2.0","3.0","1487445920929"
"1.0","2.0","3.0","1487445920940"
"1.0","2.0","3.0","1487445920950"
"1.0","2.0","3.0","1487445920961"
"1.0","2.0","3.0","1487445920972"
"1.0","2.0","3.0","1487445920982"
"1.0","2.0","3.0","1487445920992"
"1.0","2.0","3.0","1487445921002"
"1.0","2.0","3.0","1487445921012"
"1.0","2.0","3.0","1487445921023"
"1.0","2.0","3.0","1487445921034"
"1.0","2.0","3.0","1487445921044"
"1.0","2.0","3.0","1487445921054"
"1.0","2.0","3.0","1487445921065"
"1.0","2.0","3.0","1487445921075"
"1.0","2.0","3.0","1487445921085"
"1.0","2.0","3.0","1487445921095"
"1.0","2.0","3.0","1487445921106"
"1.0","2.0","3.0","1487445921116"
"1.0","2.0","3.0","1487445921127"
"1.0","2.0","3.0","1487445921137"
"1.0","2.0","3.0","1487445921147"
"1.0","2.0","3.0","1487445921157"
"1.0","2.0","3.0","1487445921167"
"1.0","2.0","3.0","1487445921177"
"1.0","2.0","3.0","1487445921188"
"1.0","2.0","3.0","1487445921198"
"1.0","2.0","3.0","1487445921208"
"1.0","2.0","3.0","1487445921218"
"1.0","2.0","3.0","1487445921228"
"1.0","2.0","3.0","1487445921238"
"1.0","2.0","3.0","1487445921248"
"1.0","2.0","3.0","1487445921258"
"1.0","2.0","3.0","1487445921268"
"1.0","2.0","3.0","1487445921279"
"1.0","2.0","3.0","1487445921289"
"1.0","2.0","3.0","1487445921299"
"1.0","2.0","3.0","1487445921309"
"1.0","2.0","3.0","1487445921319"
"1.0","2.0","3.0","1487445921329"
"1.0","2.0","3.0","1487445921339"
"1.0","2.0","3.0","1487445921349"
"1.0","2.0","3.0","1487445921359"
"1.0","2.0","3.0","1487445921370"
"1.0","2.0","3.0","1487445921380"
"1.0","2.0","3.0","1487445921390"
"1.0","2.0","3.0","1487445921400"
"1.0","2.0","3.0","1487445921410"
"1.0","2.0","3.0","1487445921420"
"1.0","2.0","3.0","1487445921431"
"1.0","2.0","3.0","1487445921441"
"1.0","2.0","3.0","1487445921451"
"1.0","2.0","3.0","1487445921462"
"1.0","2.0","3.0","1487445921472"
"1.0","2.0","3.0","1487445921482"
"1.0","2.0","3.0","1487445921492"
"1.0","2.0","3.0","1487445921502"
"1.0","2.0","3.0","1487445921513"
"1.0","2.0","3.0","1487445921524"
"1.0","2.0","3.0","1487445921534"
"1.0","2.0","3.0","1487445921545"
"1.0","2.0","3.0","1487445921555"
"1.0","2.0","3.0","1487445921565"
"1.0","2.0","3.0","1487445921575"
"1.0","2.0","3.0","1487445921585"
"1.0","2.0","3.0","1487445921596"
"1.0","2.0","3.0","1487445921606"
"1.0","2.0","3.0","1487445921616"
"1.0","2.0","3.0","1487445921626"
"1.0","2.0","3.0","1487445921636"
"1.0","2.0","3.0","1487445921647"
"1.0","2.0","3.0","1487445921658"
"1.0","2.0","3.0","1487445921668"
"1.0","2.0","3.0","1487445921678"
"1.0","2.0","3.0","1487445921688"
"1.0","2.0","3.0","1487445921698"
"1.0","2.0","3.0","1487445921709"
"1.0","2.0","3.0","1487445921720"
"1.0","2.0","3.0","1487445921730"
"1.0","2.0","3.0","1487445921741"
"1.0","2.0","3.0","1487445921751"
"1.0","2.0","3.0","1487445921761"
"1.0","2.0","3.0","1487445921771"
"1.0","2.0","3.0","1487445921781"
"1.0","2.0","3.0","1487445921792"
"1.0","2.0","3.0","1487445921803"
"1.0","2.0","3.0","1487445921813"
"1.0","2.0","3.0","1487445921823"
"1.0","2.0","3.0","1487445921833"
"1.0","2.0","3.0","1487445921844"
"1.0","2.0","3.0","1487445921854"
"1.0","2.0","3.0","1487445921864"
"1.0","2.0","3.0","1487445921875"
"1.0","2.0","3.0","1487445921885"
"1.0","2.0","3.0","1487445921895"
"1.0","2.0","3.0","1487445921905"
"1.0","2.0","3.0","1487445921915"
"1.0","2.0","3.0","1487445921926"
"1.0","2.0","3.0","1487445921936"
"1.0","2.0","3.0","1487445921946"
"1.0","2.0","3.0","1487445921956"
"1.0","2.0","3.0","1487445921966"
"1.0","2.0","3.0","1487445921976"
"1.0","2.0","3.0","1487445921986"
"1.0","2.0","3.0","1487445921996"
"1.0","2.0","3.0","1487445922006"
"1.0","2.0","3.0","1487445922016"
"1.0","2.0","3.0","1487445922026"
"1.0","2.0","3.0","1487445922036"
"1.0","2.0","3.0","1487445922047"
"1.0","2.0","3.0","1487445922057"
"1.0","2.0","3.0","1487445922067"
"1.0","2.0","3.0","1487445922078"
"1.0","2.0","3.0","1487445922088"
"1.0","2.0","3.0","1487445922099"
"1.0","2.0","3.0","1487445922109"
"1.0","2.0","3.0","1487445922119"
"1.0","2.0","3.0","1487445922129"
"1.0","2.0","3.0","1487445922140"
"1.0","2.0","3.0","1487445922150"
"1.0","2.0","3.0","1487445922160"
"1.0","2.0","3.0","1487445922171"
"1.0","2.0","3.0","1487445922181"
"1.0","2.0","3.0","1487445922192"
"1.0","2.0","3.0","1487445922202"
"1.0","2.0","3.0","1487445922212"
"1.0","2.0","3.0","1487445922222"
"1.0","2.0","3.0","1487445922232"
"1.0","2.0","3.0","1487445922243"
"1.0","2.0","3.0","1487445922254"
"1.0","2.0","3.0","1487445922264"
"1.0","2.0","3.0","1487445922275"
"1.0","2.0","3.0","1487445922285"
"1.0","2.0","3.0","1487445922296"
"1.0","2.0","3.0","1487445922306"
"1.0","2.0","3.0","1487445922316"
"1.0","2.0","3.0","1487445922326"
"1.0","2.0","3.0","1487445922337"
"1.0","2.0","3.0","1487445922348"
"1.0","2.0","3.0","1487445922358"
"1.0","2.0","3.0","1487445922368"
"1.0","2.0","3.0","1487445922378"
"1.0","2.0","3.0","1487445922388"
"1.0","2.0","3.0","1487445922398"
"1.0","2.0","3.0","1487445922408"
"1.0","2.0","3.0","1487445922419"
"1.0","2.0","3.0","1487445922429"
"1.0","2.0","3.0","1487445922439"
"1.0","2.0","3.0","1487445922449"
"1.0","2.0","3.0","1487445922459"
"1.0","2.0","3.0","1487445922469"
"1.0","2.0","3.0","1487445922479"
"1.0","2.0","3.0","1487445922490"
"1.0","2.0","3.0","1487445922500"
"1.0","2.0","3.0","1487445922510"
"1.0","2.0","3.0","1487445922520"
"1.0","2.0","3.0","1487445922530"
"1.0","2.0","3.0","1487445922541"
"1.0","2.0","3.0","1487445922551"
"1.0","2.0","3.0","1487445922561"
"1.0","2.0","3.0","1487445922571"
"1.0","2.0","3.0","1487445922581"
"1.0","2.0","3.0","1487445922591"
"1.0","2.0","3.0","1487445922601"
"1.0","2.0","3.0","1487445922611"
"1.0","2.0","3.0","1487445922622"
"1.0","2.0","3.0","1487445922633"
"1.0","2.0","3.0","1487445922644"
"1.0","2.0","3.0","1487445922655"
"1.0","2.0","3.0","1487445922665"
"1.0","2.0","3.0","1487445922675"
"1.0","2.0","3.0","1487445922686"
"1.0","2.0","3.0","1487445922696"
"1.0","2.0","3.0","1487445922706"
"1.0","2.0","3.0","1487445922716"
"1.0","2.0","3.0","1487445922727"
"1.0","2.0","3.0","1487445922738"
"1.0","2.0","3.0","1487445922748"
"1.0","2.0","3.0","1487445922759"
"1.0","2.0","3.0","1487445922769"
"1.0","2.0","3.0","1487445922779"
"1.0","2.0","3.0","1487445922790"
"1.0","2.0","3.0","1487445922800"
"1.0","2.0","3.0","1487445922810"
"1.0","2.0","3.0","1487445922820"
"1.0","2.0","3.0","1487445922830"
"1.0","2.0","3.0","1487445922841"
"1.0","2.0","3.0","1487445922851"
"1.0","2.0","3.0","1487445922861"
"1.0","2.0","3.0","1487445922871"
"1.0","2.0","3.0","1487445922881"
"1.0","2.0","3.0","1487445922891"
"1.0","2.0","3.0","1487445922901"
"1.0","2.0","3.0","1487445922911"
"1.0","2.0","3.0","1487445922922"
"1.0","2.0","3.0","1487445922932"
"1.0","2.0","3.0","1487445922942"
"1.0","2.0","3.0","1487445922952"
"1.0","2.0","3.0","1487445922962"
"1.0","2.0","3.0","1487445922973"
"1.0","2.0","3.0","1487445922983"
"1.0","2.0","3.0","1487445922993"
"1.0","2.0","3.0","1487445923003"
"1.0","2.0","3.0","1487445923013"
"1.0","2.0","3.0","1487445923024"
"1.0","2.0","3.0","1487445923035"
"1.0","2.0","3.0","1487445923046"
"1.0","2.0","3.0","1487445923056"
"1.0","2.0","3.0","1487445923066"
"1.0","2.0","3.0","1487445923076"
"1.0","2.0","3.0","1487445923086"
"1.0","2.0","3.0","1487445923096"
"1.0","2.0","3.0","1487445923106"
"1.0","2.0","3.0","1487445923116"
"1.0","2.0","3.0","1487445923126"
"1.0","2.0","3.0","1487445923136"
"1.0","2.0","3.0","1487445923146"
"1.0","2.0","3.0","1487445923157"
"1.0","2.0","3.0","1487445923168"
"1.0","2.0","3.0","1487445923179"
"1.0","2.0","3.0","1487445923190"
"1.0","2.0","3.0","1487445923200"
"1.0","2.0","3.0","1487445923210"
"1.0","2.0","3.0","1487445923221"
"1.0","2.0","3.0","1487445923231"
"1.0","2.0","3.0","1487445923242"
"1.0","2.0","3.0","1487445923252"
"1.0","2.0","3.0","1487445923262"
"1.0","2.0","3.0","1487445923272"
"1.0","2.0","3.0","1487445923283"
"1.0","2.0","3.0","1487445923293"
"1.0","2.0","3.0","1487445923303"
"1.0","2.0","3.0","1487445923314"
"1.0","2.0","3.0","1487445923324"
"1.0","2.0","3.0","1487445923334"
"1.0","2.0","3.0","1487445923344"
"1.0","2.0","3.0","1487445923355"
"1.0","2.0","3.0","1487445923365"
"1.0","2.0","3.0","1487445923375"
"1.0","2.0","3.0","1487445923386"
"1.0","2.0","3.0","1487445923397"
"1.0","2.0","3.0","1487445923407"
"1.0","2.0","3.0","1487445923418"
"1.0","2.0","3.0","1487445923428"
"1.0","2.0","3.0","1487445923438"
"1.0","2.0","3.0","1487445923448"
"1.0","2.0","3.0","1487445923459"
"1.0","2.0","3.0","1487445923470"
"1.0","2.0","3.0","1487445923481"
"1.0","2.0","3.0","1487445923491"
"1.0","2.0","3.0","1487445923502"
"1.0","2.0","3.0","1487445923512"
"1.0","2.0","3.0","1487445923522"
"1.0","2.0","3.0","1487445923532"
"1.0","2.0","3.0","1487445923542"
"1.0","2.0","3.0","1487445923553"
"1.0","2.0","3.0","1487445923563"
"1.0","2.0","3.0","1487445923573"
"1.0","2.0","3.0","1487445923583"
"1.0","2.0","3.0","1487445923593"
"1.0","2.0","3.0","1487445923603"
"1.0","2.0","3.0","1487445923614"
"1.0","2.0","3.0","1487445923624"
"1.0","2.0","3.0","1487445923634"
"1.0","2.0","3.0","1487445923644"
"1.0","2.0","3.0","1487445923655"
"1.0","2.0","3.0","1487445923666"
"1.0","2.0","3.0","1487445923677"
"1.0","2.0","3.0","1487445923687"
"1.0","2.0","3.0","1487445923698"
"1.0","2.0","3.0","1487445923708"
"1.0","2.0","3.0","1487445923718"
"1.0","2.0","3.0","1487445923728"
"1.0","2.0","3.0","1487445923738"
"1.0","2.0","3.0","1487445923748"
"1.0","2.0","3.0","1487445923758"
"1.0","2.0","3.0","1487445923769"
"1.0","2.0","3.0","1487445923779"
"1.0","2.0","3.0","1487445923789"
"1.0","2.0","3.0","1487445923799"
"1.0","2.0","3.0","1487445923810"
"1.0","2.0","3.0","1487445923820"
"1.0","2.0","3.0","1487445923830"
"1.0","2.0","3.0","1487445923840"
"1.0","2.0","3.0","1487445923850"
"1.0","2.0","3.0","1487445923860"
"1.0","2.0","3.0","1487445923870"
"1.0","2.0","3.0","1487445923881"
"1.0","2.0","3.0","1487445923891"
"1.0","2.0","3.0","1487445923902"
"1.0","2.0","3.0","1487445923912"
"1.0","2.0","3.0","1487445923922"
"1.0","2.0","3.0","1487445923933"
"1.0","2.0","3.0","1487445923944"
"1.0","2.0","3.0","1487445923955"
"1.0","2.0","3.0","1487445923965"
"1.0","2.0","3.0","1487445923975"
"1.0","2.0","3.0","1487445923986"
"1.0","2.0","3.0","1487445923996"
"1.0","2.0","3.0","1487445924006"
"1.0","2.0","3.0","1487445924016"
"1.0","2.0","3.0","1487445924026"
"1.0","2.0","3.0","1487445924037"
"1.0","2.0","3.0","1487445924048"
"1.0","2.0","3.0","1487445924059"
"1.0","2.0","3.0","1487445924069"
"1.0","2.0","3.0","1487445924080"
"1.0","2.0","3.0","1487445924090"
"1.0","2.0","3.0","1487445924100"
"1.0","2.0","3.0","1487445924110"
"1.0","2.0","3.0","1487445924121"
"1.0","2.0","3.0","1487445924131"
"1.0","2.0","3.0","1487445924142"
"1.0","2.0","3.0","1487445924152"
"1.0","2.0","3.0","1487445924162"
"1.0","2.0","3.0","1487445924173"
"1.0","2.0","3.0","1487445924183"
"1.0","2.0","3.0","1487445924193"
"1.0","2.0","3.0","1487445924204"
"1.0","2.0","3.0","1487445924214"
"1.0","2.0","3.0","1487445924224"
"1.0","2.0","3.0","1487445924235"
"1.0","2.0","3.0","1487445924246"
"1.0","2.0","3.0","1487445924256"
"1.0","2.0","3.0","1487445924266"
"1.0","2.0","3.0","1487445924276"
"1.0","2.0","3.0","1487445924286"
"1.0","2.0","3.0","1487445924297"
"1.0","2.0","3.0","1487445924307"
"1.0","2.0","3.0","1487445924317"
"1.0","2.0","3.0","1487445924328"
"1.0","2.0","3.0","1487445924338"
"1.0","2.0","3.0","1487445924348"
"1.0","2.0","3.0","1487445924358"
"1.0","2.0","3.0","1487445924368"
"1.0","2.0","3.0","1487445924379"
"1.0","2.0","3.0","1487445924390"
"1.0","2.0","3.0","1487445924400"
"1.0","2.0","3.0","1487445924410"
"1.0","2.0","3.0","1487445924421"
"1.0","2.0","3.0","1487445924431"
"1.0","2.0","3.0","1487445924441"
"1.0","2.0","3.0","1487445924451"
"1.0","2.0","3.0","1487445924462"
"1.0","2.0","3.0","1487445924472"
"1.0","2.0","3.0","1487445924482"
"1.0","2.0","3.0","1487445924492"
"1.0","2.0","3.0","1487445924502"
"1.0","2.0","3.0","1487445924513"
"1.0","2.0","3.0","1487445924523"
"1.0","2.0","3.0","1487445924533"
"1.0","2.0","3.0","1487445924543"
"1.0","2.0","3.0","1487445924553"
"1.0","2.0","3.0","1487445924563"
"1.0","2.0","3.0","1487445924573"
"1.0","2.0","3.0","1487445924583"
"1.0","2.0","3.0","1487445924594"
"1.0","2.0","3.0","1487445924604"
"1.0","2.0","3.0","1487445924614"
"1.0","2.0","3.0","1487445924625"
"1.0","2.0","3.0","1487445924635"
"1.0","2.0","3.0","1487445924645"
"1.0","2.0","3.0","1487445924656"
"1.0","2.0","3.0","1487445924667"
"1.0","2.0","3.0","1487445924677"
"1.0","2.0","3.0","1487445924687"
"1.0","2.0","3.0","1487445924698"
"1.0","2.0","3.0","1487445924709"
"1.0","2.0","3.0","1487445924719"
"1.0","2.0","3.0","1487445924729"
"1.0","2.0","3.0","1487445924739"
"1.0","2.0","3.0","1487445924749"
"1.0","2.0","3.0","1487445924759"
"1.0","2.0","3.0","1487445924769"
"1.0","2.0","3.0","1487445924780"
"1.0","2.0","3.0","1487445924790"
"1.0","2.0","3.0","1487445924800"
"1.0","2.0","3.0","1487445924810"
"1.0","2.0","3.0","1487445924820"
"1.0","2.0","3.0","1487445924831"
"1.0","2.0","3.0","1487445924841"
"1.0","2.0","3.0","1487445924851"
"1.0","2.0","3.0","1487445924862"
"1.0","2.0","3.0","1487445924872"
"1.0","2.0","3.0","1487445924882"
"1.0","2.0","3.0","1487445924892"
"1.0","2.0","3.0","1487445924902"
"1.0","2.0","3.0","1487445924913"
"1.0","2.0","3.0","1487445924923"
"1.0","2.0","3.0","1487445924933"
"1.0","2.0","3.0","1487445924944"
"1.0","2.0","3.0","1487445924954"
"1.0","2.0","3.0","1487445924965"
"1.0","2.0","3.0","1487445924975"
"1.0","2.0","3.0","1487445924985"
"1.0","2.0","3.0","1487445924995"
"1.0","2.0","3.0","1487445925005"
"1.0","2.0","3.0","1487445925015"
"1.0","2.0","3.0","1487445925025"
"1.0","2.0","3.0","1487445925035"
"1.0","2.0","3.0","1487445925045"
"1.0","2.0","3.0","1487445925056"
"1.0","2.0","3.0","1487445925066"
"1.0","2.0","3.0","1487445925077"
"1.0","2.0","3.0","1487445925087"
"1.0","2.0","3.0","1487445925097"
"1.0","2.0","3.0","1487445925107"
"1.0","2.0","3.0","1487445925117"
"1.0","2.0","3.0","1487445925127"
"1.0","2.0","3.0","1487445925137"
"1.0","2.0","3.0","1487445925147"
"1.0","2.0","3.0","1487445925158"
"1.0","2.0","3.0","1487445925168"
"1.0","2.0","3.0","1487445925178"
"1.0","2.0","3.0","1487445925188"
"1.0","2.0","3.0","1487445925199"
"1.0","2.0","3.0","1487445925209"
"1.0","2.0","3.0","1487445925220"
"1.0","2.0","3.0","1487445925231"
"1.0","2.0","3.0","1487445925241"
"1.0","2.0","3.0","1487445925251"
"1.0","2.0","3.0","1487445925261"
"1.0","2.0","3.0","1487445925271"
"1.0","2.0","3.0","1487445925281"
"1.0","2.0","3.0","1487445925292"
"1.0","2.0","3.0","1487445925302"
"1.0","2.0","3.0","1487445925312"
"1.0","2.0","3.0","1487445925322"
"1.0","2.0","3.0","1487445925332"
"1.0","2.0","3.0","1487445925343"
"1.0","2.0","3.0","1487445925353"
"1.0","2.0","3.0","1487445925364"
"1.0","2.0","3.0","1487445925374"
"1.0","2.0","3.0","1487445925384"
"1.0","2.0","3.0","1487445925394"
"1.0","2.0","3.0","1487445925404"
"1.0","2.0","3.0","1487445925415"
"1.0","2.0","3.0","1487445925426"
"1.0","2.0","3.0","1487445925436"
"1.0","2.0","3.0","1487445925446"
"1.0","2.0","3.0","1487445925456"
"1.0","2.0","3.0","1487445925467"
"1.0","2.0","3.0","1487445925477"
"1.0","2.0","3.0","1487445925487"
"1.0","2.0","3.0","1487445925497"
"1.0","2.0","3.0","1487445925507"
"1.0","2.0","3.0","1487445925517"
"1.0","2.0","3.0","1487445925527"
"1.0","2.0","3.0","1487445925537"
"1.0","2.0","3.0","1487445925547"
"1.0","2.0","3.0","1487445925557"
"1.0","2.0","3.0","1487445925567"
"1.0","2.0","3.0","1487445925578"
"1.0","2.0","3.0","1487445925588"
"1.0","2.0","3.0","1487445925598"
"1.0","2.0","3.0","1487445925608"
"1.0","2.0","3.0","1487445925618"
"1.0","2.0","3.0","1487445925628"
"1.0","2.0","3.0","1487445925639"
"1.0","2.0","3.0","1487445925649"
"1.0","2.0","3.0","1487445925660"
"1.0","2.0","3.0","1487445925671"
"1.0","2.0","3.0","1487445925681"
"1.0","2.0","3.0","1487445925691"
"1.0","2.0","3.0","1487445925701"
"1.0","2.0","3.0","1487445925712"
"1.0","2.0","3.0","1487445925722"
"1.0","2.0","3.0","1487445925732"
"1.0","2.0","3.0","1487445925742"
"1.0","2.0","3.0","1487445925752"
"1.0","2.0","3.0","1487445925763"
"1.0","2.0","3.0","1487445925773"
"1.0","2.0","3.0","1487445925783"
"1.0","2.0","3.0","1487445925794"
"1.0","2.0","3.0","1487445925804"
"1.0","2.0","3.0","1487445925814"
"1.0","2.0","3.0","1487445925824"
"1.0","2.0","3.0","1487445925834"
"1.0","2.0","3.0","1487445925844"
"1.0","2.0","3.0","1487445925855"
"1.0","2.0","3.0","1487445925866"
"1.0","2.0","3.0","1487445925876"
"1.0","2.0","3.0","1487445925886"
"1.0","2.0","3.0","1487445925896"
"1.0","2.0","3.0","1487445925906"
"1.0","2.0","3.0","1487445925917"
"1.0","2.0","3.0","1487445925927"
"1.0","2.0","3.0","1487445925937"
"1.0","2.0","3.0","1487445925947"
"1.0","2.0","3.0","1487445925957"
"1.0","2.0","3.0","1487445925967"
"1.0","2.0","3.0","1487445925977"
"1.0","2.0","3.0","1487445925987"
"1.0","2.0","3.0","1487445925998"
"1.0","2.0","3.0","1487445926008"
"1.0","2.0","3.0","1487445926018"
"1.0","2.0","3.0","1487445926028"
"1.0","2.0","3.0","1487445926039"
"1.0","2.0","3.0","1487445926049"
"1.0","2.0","3.0","1487445926060"
"1.0","2.0","3.0","1487445926070"
"1.0","2.0","3.0","1487445926080"
"1.0","2.0","3.0","1487445926090"
"1.0","2.0","3.0","1487445926100"
"1.0","2.0","3.0","1487445926110"
"1.0","2.0","3.0","1487445926120"
"1.0","2.0","3.0","1487445926130"
"1.0","2.0","3.0","1487445926140"
"1.0","2.0","3.0","1487445926150"
"1.0","2.0","3.0","1487445926161"
"1.0","2.0","3.0","1487445926171"
"1.0","2.0","3.0","1487445926181"
"1.0","2.0","3.0","1487445926191"
"1.0","2.0","3.0","1487445926201"
"1.0","2.0","3.0","1487445926212"
"1.0","2.0","3.0","1487445926222"
"1.0","2.0","3.0","1487445926233"
"1.0","2.0","3.0","1487445926243"
"1.0","2.0","3.0","1487445926254"
"1.0","2.0","3.0","1487445926264"
"1.0","2.0","3.0","1487445926274"
"1.0","2.0","3.0","1487445926285"
"1.0","2.0","3.0","1487445926295"
"1.0","2.0","3.0","1487445926306"
"1.0","2.0","3.0","1487445926316"
"1.0","2.0","3.0","1487445926327"
"1.0","2.0","3.0","1487445926337"
"1.0","2.0","3.0","1487445926347"
"1.0","2.0","3.0","1487445926357"
"1.0","2.0","3.0","1487445926367"
"1.0","2.0","3.0","1487445926377"
"1.0","2.0","3.0","1487445926388"
"1.0","2.0","3.0","1487445926399"
"1.0","2.0","3.0","1487445926409"
"1.0","2.0","3.0","1487445926419"
"1.0","2.0","3.0","1487445926429"
"1.0","2.0","3.0","1487445926440"
"1.0","2.0","3.0","1487445926450"
"1.0","2.0","3.0","1487445926460"
"1.0","2.0","3.0","1487445926470"
"1.0","2.0","3.0","1487445926480"
"1.0","2.0","3.0","1487445926490"
"1.0","2.0","3.0","1487445926500"
"1.0","2.0","3.0","1487445926510"
"1.0","2.0","3.0","1487445926520"
"1.0","2.0","3.0","1487445926531"
"1.0","2.0","3.0","1487445926541"
"1.0","2.0","3.0","1487445926551"
"1.0","2.0","3.0","1487445926561"
"1.0","2.0","3.0","1487445926571"
"1.0","2.0","3.0","1487445926581"
"1.0","2.0","3.0","1487445926592"
"1.0","2.0","3.0","1487445926602"
"1.0","2.0","3.0","1487445926612"
"1.0","2.0","3.0","1487445926622"
"1.0","2.0","3.0","1487445926633"
"1.0","2.0","3.0","1487445926643"
"1.0","2.0","3.0","1487445926653"
"1.0","2.0","3.0","1487445926663"
"1.0","2.0","3.0","1487445926674"
"1.0","2.0","3.0","1487445926684"
"1.0","2.0","3.0","1487445926695"
"1.0","2.0","3.0","1487445926705"
"1.0","2.0","3.0","1487445926715"
"1.0","2.0","3.0","1487445926725"
"1.0","2.0","3.0","1487445926735"
"1.0","2.0","3.0","1487445926745"
"1.0","2.0","3.0","1487445926755"
"1.0","2.0","3.0","1487445926765"
"1.0","2.0","3.0","1487445926776"
"1.0","2.0","3.0","1487445926786"
"1.0","2.0","3.0","1487445926796"
"1.0","2.0","3.0","1487445926807"
"1.0","2.0","3.0","1487445926818"
"1.0","2.0","3.0","1487445926828"
"1.0","2.0","3.0","1487445926838"
"1.0","2.0","3.0","1487445926849"
"1.0","2.0","3.0","1487445926859"
"1.0","2.0","3.0","1487445926869"
"1.0","2.0","3.0","1487445926879"
"1.0","2.0","3.0","1487445926889"
"1.0","2.0","3.0","1487445926899"
"1.0","2.0","3.0","1487445926910"
"1.0","2.0","3.0","1487445926921"
"1.0","2.0","3.0","1487445926931"
"1.0","2.0","3.0","1487445926942"
"1.0","2.0","3.0","1487445926952"
"1.0","2.0","3.0","1487445926963"
"1.0","2.0","3.0","1487445926973"
"1.0","2.0","3.0","1487445926983"
"1.0","2.0","3.0","1487445926994"
"1.0","2.0","3.0","1487445927004"
"1.0","2.0","3.0","1487445927015"
"1.0","2.0","3.0","1487445927025"
"1.0","2.0","3.0","1487445927035"
"1.0","2.0","3.0","1487445927045"
"1.0","2.0","3.0","1487445927055"
"1.0","2.0","3.0","1487445927066"
"1.0","2.0","3.0","1487445927076"
"1.0","2.0","3.0","1487445927086"
"1.0","2.0","3.0","1487445927096"
"1.0","2.0","3.0","1487445927106"
"1.0","2.0","3.0","1487445927117"
"1.0","2.0","3.0","1487445927127"
"1.0","2.0","3.0","1487445927137"
"1.0","2.0","3.0","1487445927147"
"1.0","2.0","3.0","1487445927157"
"1.0","2.0","3.0","1487445927168"
"1.0","2.0","3.0","1487445927178"
"1.0","2.0","3.0","1487445927188"
"1.0","2.0","3.0","1487445927199"
"1.0","2.0","3.0","1487445927209"
"1.0","2.0","3.0","1487445927219"
"1.0","2.0","3.0","1487445927230"
"1.0","2.0","3.0","1487445927240"
"1.0","2.0","3.0","1487445927250"
"1.0","2.0","3.0","1487445927261"
"1.0","2.0","3.0","1487445927271"
"1.0","2.0","3.0","1487445927281"
"1.0","2.0","3.0","1487445927292"
"1.0","2.0","3.0","1487445927302"
"1.0","2.0","3.0","1487445927312"
"1.0","2.0","3.0","1487445927322"
"1.0","2.0","3.0","1487445927332"
"1.0","2.0","3.0","1487445927343"
"1.0","2.0","3.0","1487445927353"
"1.0","2.0","3.0","1487445927363"
"1.0","2.0","3.0","1487445927373"
"1.0","2.0","3.0","1487445927383"
"1.0","2.0","3.0","1487445927394"
"1.0","2.0","3.0","1487445927404"
"1.0","2.0","3.0","1487445927414"
"1.0","2.0","3.0","1487445927424"
"1.0","2.0","3.0","1487445927434"
"1.0","2.0","3.0","1487445927445"
"1.0","2.0","3.0","1487445927455"
"1.0","2.0","3.0","1487445927465"
"1.0","2.0","3.0","1487445927476"
"1.0","2.0","3.0","1487445927486"
"1.0","2.0","3.0","1487445927496"
"1.0","2.0","3.0","1487445927506"
"1.0","2.0","3.0","1487445927516"
"1.0","2.0","3.0","1487445927526"
"1.0","2.0","3.0","1487445927537"
"1.0","2.0","3.0","1487445927547"
"1.0","2.0","3.0","1487445927557"
"1.0","2.0","3.0","1487445927567"
"1.0","2.0","3.0","1487445927577"
"1.0","2.0","3.0","1487445927587"
"1.0","2.0","3.0","1487445927598"
"1.0","2.0","3.0","1487445927608"
"1.0","2.0","3.0","1487445927618"
"1.0","2.0",